Flow Duration,Total Fwd Packets,Total Backward Packets,Label
1117,5,2,Benign
71066989,39,73,Benign
4398539,5,3,Benign
1002,4,0,DoS-Hulk
479,1,1,Benign
27005957,2,0,DDoS-LOIC-HTTP
24713,2,2,Benign
315,3,0,Benign
86440696,8,6,DoS-Hulk
2707550,10,7,Benign
67211617,7,6,DoS-Hulk
79305125,17,18,Benign
1408,5,2,Benign
82492844,8,4,DDoS
860082,6,5,Benign
197751,10,8,Benign
118683264,19,18,Benign
29,2,1,Benign
4022934,5,3,Benign
5843822,4,4,Benign
4041865,5,3,Benign
309861,3,1,Benign
7815,2,0,DoS-Hulk
69016507,2,2,Benign
30624,2,1,Benign
162,2,2,Benign
17846,1,1,Benign
1454,1,1,Benign
110181627,12,12,Benign
4263402,5,3,Benign
30841,2,0,DoS-Hulk
96241522,8,6,Benign
140,2,1,Benign
1396,5,2,Benign
1026,1,1,Benign
15032619,2,0,DDoS-LOIC-HTTP
6958759,5,3,DoS-Goldeneye
31012543,8,9,Benign
105753,3,1,Benign
453132,3,4,DDoS-LOIC-HTTP
67325087,17,16,Benign
24285,2,2,Benign
1246214,7,5,Benign
24313,2,2,Benign
1024,1,1,Benign
204807,2,2,Benign
17638,3,4,DDoS-HOIC
3830,1,1,Benign
37626,1,1,Benign
5415301,5,3,Benign
31156,1,1,Benign
1039040,3,4,DDoS-LOIC-HTTP
1565030,3,3,Benign
4320205,5,3,Benign
402349,6,3,Benign
27219012,2,0,DDoS-LOIC-HTTP
116226884,23,21,Benign
491823,3,6,Benign
1228197,8,7,Benign
1401466,8,7,Benign
5510985,5,3,Benign
1096,2,1,Benign
5245768,3,5,Benign
2289981,8,7,Benign
82130,2,2,Benign
5220538,2,0,Benign
167,2,2,Benign
11150930,14,15,Benign
65216765,44,75,Benign
832,3,4,Benign
5344398,4,4,Benign
34539372,2,0,DDoS-LOIC-HTTP
991,1,1,Benign
117514,1,1,Benign
2829179,8,7,Benign
2196605,8,7,Infiltration
1467365,10,7,Benign
999799,2,0,Benign
93876333,8,6,DDoS
245,2,2,Benign
308,1,1,Infiltration
4286601,5,3,Benign
574834,1,2,Benign
12972,3,4,DDoS-HOIC
61006,1,1,Benign
1118966,3,4,DDoS-LOIC-HTTP
3000138,4,0,DDoS-TFTP
4099173,5,3,Benign
299,2,1,Benign
25979,1,1,Benign
92303237,7,9,Benign
56336944,2,0,Benign
7149293,0,2,Benign
18088,2,2,Benign
99072723,9,5,DoS-Hulk
464,2,2,Benign
61827,2,2,Benign
5732913,4,4,Benign
54776482,2,0,Benign
395032,4,0,DDoS
14634,5,2,Benign
100,1,1,Benign
527679,9,4,Benign
112635438,3,0,Benign
53899215,2,0,Benign
850294,7,11,Benign
1118,5,2,Benign
16920,3,4,DDoS-HOIC
1239669,3,4,DDoS-LOIC-HTTP
1188,5,2,Benign
70136,3,0,DoS-Hulk
60982,1,1,Benign
61,1,1,Benign
40823077,2,0,DDoS-LOIC-HTTP
1533,3,4,DDoS-HOIC
38013,3,4,DDoS-HOIC
64458610,17,15,Benign
63031,2,2,Benign
4461681,5,3,Benign
30702,1,1,Benign
1689,5,2,Benign
4327772,5,3,Benign
204103,2,0,Benign
514479,5,4,Benign
1300,5,2,Benign
10423,3,4,DoS-Hulk
8968796,5,0,DDoS
30419741,8,6,Benign
2460141,8,7,Benign
46852,3,4,Benign
43794766,35,67,Benign
231,2,2,Benign
247,2,2,Benign
55684,1,1,Benign
1049583,3,4,DDoS-LOIC-HTTP
1568914,3,4,DDoS-LOIC-HTTP
89925,2,2,Benign
2328509,8,7,Benign
62,4,1,Benign
101035159,9,5,DoS-Hulk
246,3,0,Benign
805,3,4,Benign
1,2,0,Benign
620,1,1,Benign
73904717,8,5,DDoS
1106613,6,11,Benign
85019,2,2,Benign
1365427,3,4,DDoS-LOIC-HTTP
70584,0,2,Benign
471,3,0,Benign
298130,3,1,Benign
1728467,8,7,Benign
86299558,2,0,Benign
20708,2,2,Benign
190,2,2,Benign
2129650,8,7,Benign
118004924,28,33,Benign
839,3,4,Benign
18888,1,1,Benign
72439,3,0,DoS-Hulk
44150,3,0,DoS-Hulk
6607,3,0,Benign
3348283,2,0,DDoS-LOIC-HTTP
1068,9,6,Benign
1808,1,1,Benign
5741823,11,10,Benign
66476,2,2,Benign
5544587,10,10,Benign
55950,2,0,DoS-Hulk
18452,1,1,Benign
1445,2,1,Benign
1130,5,2,Benign
5403737,3,1,Benign
116866256,20,16,Benign
2731498,8,8,Benign
850829,7,5,Benign
289950,2,2,Benign
61051700,16,12,Benign
10659,2,0,Benign
1381508,8,7,Benign
18784,1,1,Benign
253024,6,5,Benign
48,2,0,DDoS-MSSQL
2039159,9,8,Benign
85927557,2,0,Benign
3912682,13,8,Benign
1696731,3,4,DDoS-LOIC-HTTP
23889,1,1,Benign
98963773,9,6,DoS-Hulk
20391,1,1,Benign
464281,9,6,Benign
410891,2,0,Benign
1182,3,4,DDoS-HOIC
33862946,2,0,DDoS-LOIC-HTTP
86209968,2,0,Benign
12336,3,4,Botnet
30,1,1,Benign
15521711,7,8,Benign
1421654,3,4,DDoS-LOIC-HTTP
1227,5,2,Benign
71070,1,1,Benign
30856,2,2,Benign
5635146,8,6,Benign
3804838,14,8,Benign
1185,5,2,Benign
139,2,2,Benign
196,3,0,Benign
16469704,11,11,Benign
116766013,35,89,Benign
60083726,12,11,Benign
17714,1,1,Benign
18760,5,2,Benign
86535663,2,0,Benign
7997,5,2,Benign
568,3,0,Benign
184,2,2,Benign
71577,1,1,Benign
1677635,2,0,DDoS-LOIC-HTTP
18588,3,4,DDoS-HOIC
150457,3,1,Benign
239,1,1,Benign
30221739,2,0,DDoS-LOIC-HTTP
2124580,11,7,Benign
14055,5,2,Benign
86351273,2,0,Benign
23389,1,1,Benign
23642,1,1,Benign
5195215,4,4,Benign
1686212,8,7,Benign
43662800,2,0,DDoS-LOIC-HTTP
79566242,8,6,DDoS
4315,2,0,Benign
2071515,4,3,Benign
5282,3,4,DDoS-HOIC
23993,1,1,Benign
86297037,2,0,Benign
564091,1,1,Benign
781,1,1,Benign
39729792,10,13,Benign
116901001,24,18,Benign
85621918,5,6,DoS-Hulk
537,1,1,Benign
2165945,8,7,Benign
33934,3,4,Benign
1343,1,1,Benign
224,3,0,Benign
197993,3,1,Benign
4335271,5,3,Benign
69056699,2,2,Benign
45,3,1,Benign
250,2,2,Benign
119515849,17,16,Benign
42163,1,1,Benign
99254662,9,6,DoS-Hulk
23905,1,1,Benign
119985751,17,15,Benign
9551,3,4,Botnet
291,3,0,Benign
53661,2,2,Benign
99323822,6,8,DoS-Hulk
23141,1,1,Benign
6000904,6,0,DDoS-TFTP
171,2,2,Benign
112640677,3,0,Benign
173,2,2,Benign
18172,2,0,DDoS-HOIC
1251,5,2,Benign
14335,1,1,Benign
30515,2,2,Infiltration
5054341,6,4,Benign
10761454,48,77,Benign
512,1,2,Benign
16036,17,1,Benign
115919201,24,33,Benign
408844,2,0,Benign
1279,5,2,Benign
66104938,14,16,Benign
1680,1,1,Benign
5324466,5,3,Benign
22561,3,6,DoS-Hulk
2968361,9,7,Benign
69319,2,0,DoS-Hulk
11605,3,4,DDoS-HOIC
86185299,2,0,Benign
975,58,0,DDoS-NTP
144283,3,0,DoS-Hulk
23156,1,1,Benign
48870,1,1,Benign
238055,3,1,Benign
1665,3,4,Benign
349,1,1,Benign
5530,3,4,DDoS-HOIC
33275,5,2,Benign
450,36,0,DDoS-NTP
31541,2,2,Benign
99623790,6,6,DoS-Hulk
8596,3,6,DoS-Hulk
32575523,2,0,DDoS-LOIC-HTTP
16974732,2,0,DDoS-LOIC-HTTP
1020,1,1,Benign
3881689,2,2,Benign
97367,2,2,Benign
6023857,3,1,Benign
3796747,15,8,Benign
1666124,8,7,Benign
20498,0,2,Benign
7303930,2,8,Benign
4133134,5,3,Benign
1028,1,1,Benign
4508831,5,3,Benign
115954725,18,18,Benign
112637731,3,0,Benign
4510548,23,74,Benign
119927574,7,10,Benign
30830,2,2,Benign
217,2,1,Benign
23877,1,1,Benign
1389759,3,4,DDoS-LOIC-HTTP
9030428,3,0,Benign
3907909,14,8,Benign
18185,5,2,Benign
20997400,2,1,DoS-Slowhttptest
1634552,7,8,Benign
56321053,2,0,Benign
80665,1,1,Benign
1801284,8,4,Benign
2461957,8,7,Benign
1544110,3,0,Benign
2670817,8,7,Benign
357640,6,5,Benign
21251,2,2,Infiltration
4015729,14,8,Benign
38612,3,1,Benign
54213776,2,0,Benign
112639631,3,0,Benign
49,2,0,DDoS-MSSQL
12093,5,2,Botnet
4268013,5,3,Benign
91,1,1,Benign
2457075,9,9,Benign
78061626,2,0,DDoS-LOIC-HTTP
4008465,14,8,Benign
71123273,12,10,DDoS-Syn
5284886,5,3,Benign
816826,5,4,Benign
228,2,2,Benign
24858,2,2,Benign
2148149,8,7,Benign
89556,2,1,Benign
37412,1,1,Benign
12509,1,1,Benign
105,3,1,Benign
1346399,3,5,DDoS
4318,24,0,DDoS-NTP
1298216,3,4,DDoS-LOIC-HTTP
28429458,6,6,Benign
122139,2,1,Benign
11415,3,4,Botnet
4430,3,4,DDoS-HOIC
27574734,2,0,DDoS-LOIC-HTTP
9451,90,0,DDoS-NTP
2974,1,1,Benign
3000057,4,0,DDoS-TFTP
1995608,7,6,Benign
2280,5,2,Benign
1172980,3,4,DDoS-LOIC-HTTP
119696945,24,55,Benign
380779,3,4,DDoS
5334515,9,8,Benign
36629,2,0,DDoS-HOIC
4490791,5,3,Benign
300,3,0,Benign
5487462,4,4,Benign
1822143,10,7,Benign
91401,200,0,DDoS-NTP
4091675,14,8,Benign
1007,34,0,DDoS-NTP
99785,6,6,Benign
14910470,2,3,Benign
763,4,0,DoS-Hulk
54033423,2,0,Benign
12333,1,1,Benign
1817926,10,7,Benign
93431342,4,0,Benign
1506257,3,4,DDoS-LOIC-HTTP
31224,2,2,Benign
30263,2,1,Benign
31153976,6,2,DDoS-UDPLag
3333172,10,11,Benign
918439,12,14,Benign
81755,2,2,Infiltration
346463,6,0,Benign
559290,6,5,Benign
6727120,4,4,Benign
116,2,0,Benign
5458358,5,4,Benign
1224,1,1,Benign
3555380,9,26,Benign
102,10,0,DDoS-NTP
16337031,2,0,DDoS-LOIC-HTTP
1228,5,2,Benign
81840,3,0,DoS-Hulk
2315168,8,7,Benign
5351336,9,6,Benign
6054559,8,6,Benign
1044972,3,3,Benign
5264466,5,4,Benign
274,2,0,Benign
179,2,2,Benign
17404,3,4,DDoS-HOIC
5545497,5,3,Benign
14,1,1,Benign
1979,1,1,Benign
23298,1,1,Benign
306261,3,1,Benign
11518,3,4,Botnet
11999608,10,0,DDoS-TFTP
23224866,2,0,DDoS-LOIC-HTTP
394298,22,20,Bruteforce-SSH
36299571,2,0,DDoS-LOIC-HTTP
1268,1,1,Benign
24640,200,0,DDoS-NTP
73,3,1,Benign
175,2,2,Benign
1528519,3,0,Benign
12175,1,1,Benign
70,2,0,Benign
973225,3,5,DDoS
31072,2,2,Benign
1255,1,1,Benign
383290,0,2,Benign
45866,1,1,Benign
15634,3,4,DDoS-HOIC
47993,1,1,Benign
407206,2,0,Benign
6267,1,2,Benign
2669,1,1,Benign
86228843,2,0,Benign
61443627,20,18,Benign
9829,0,2,Benign
5401570,4,4,Benign
172369,2,2,Benign
5809760,4,4,Benign
1537684,3,4,DDoS-LOIC-HTTP
23172,152,0,DDoS-NTP
50620,1,1,Benign
5437141,4,4,Benign
5606409,3,1,Benign
116543073,58,101,Benign
3027750,8,7,Benign
5335,2,0,Benign
25313336,2,0,DDoS-LOIC-HTTP
40186269,2,0,DDoS-LOIC-HTTP
315698,22,22,Bruteforce-SSH
73509596,16,10,DDoS-Syn
3224408,10,11,Benign
1039800,3,4,DDoS-LOIC-HTTP
390729,5,4,Infiltration
9063028,3,0,Benign
5283430,2,2,Benign
4568003,14,9,Benign
31719,2,2,Benign
100112524,3,3,Benign
13153,3,4,DDoS-HOIC
4662992,15,8,Benign
12529,0,2,Benign
5228852,7,9,Benign
61301,2,2,Benign
53483845,2,0,Benign
55850,3,0,DoS-Hulk
608,2,1,Benign
118200823,13,12,Benign
1172,60,0,DDoS-NTP
1337361,3,4,DDoS-LOIC-HTTP
4204661,4,5,DoS-Hulk
17,1,1,Benign
10823840,2,0,DDoS-LOIC-HTTP
134325,2,2,Benign
10468,3,4,Botnet
3042427,11,8,Benign
251743,8,8,Benign
5531063,4,4,Benign
14208459,2,0,DDoS-LOIC-HTTP
1430707,8,7,Benign
392274,22,20,Bruteforce-SSH
1772569,3,4,DDoS-LOIC-HTTP
1707611,8,7,Benign
5058505,4,4,DoS-Goldeneye
17501,1,1,Benign
4915273,4,4,Benign
20606,2,2,Benign
3,2,0,Benign
4273305,5,3,Benign
51,1,1,Benign
9369,7,6,Benign
4069791,15,8,Benign
7869,2,1,Benign
14773,5,2,Benign
1918033,8,7,Benign
218420,3,1,Benign
36517,0,2,Benign
124712,3,4,Benign
5552253,5,6,Benign
511112,3,1,Benign
1701926,8,7,Benign
4217398,5,3,Benign
323662,9,6,Benign
69235,2,2,Benign
39960,2,0,DoS-Hulk
94303,4,5,Benign
10331184,2,0,DDoS-LOIC-HTTP
88073511,2,0,Benign
5148342,10,11,Benign
1186667,3,4,DDoS-LOIC-HTTP
4144563,5,3,Benign
162,2,2,Benign
115454071,16,15,Benign
1106618,6,7,Benign
1,2,0,DDoS-MSSQL
99204975,7,6,DoS-Hulk
1432,3,4,DDoS-HOIC
5161142,11,8,Benign
1532804,3,4,DDoS-LOIC-HTTP
1378,5,2,Benign
14805581,2,0,DDoS-LOIC-HTTP
31190,1,1,Benign
15960,3,4,DDoS-HOIC
214,2,2,Benign
112642010,3,0,Benign
73795,2,2,Benign
5926468,3,1,Benign
1800885,8,7,Benign
3001524,2,0,Benign
31219,2,2,Benign
1,1,1,DoS-Slowloris
117012612,15,22,Benign
117282011,22,23,Benign
117015640,15,14,Benign
7602,3,4,DDoS-HOIC
1859173,11,11,Benign
3186581,5,3,Benign
59071,1,1,Benign
86207724,2,0,Benign
1669740,8,7,Benign
4158495,5,3,Benign
1352,5,2,Benign
3931450,13,10,Benign
12621,3,4,Botnet
15108090,33,42,Benign
30410,1,1,Benign
1828916,8,7,Benign
291,2,2,Benign
490193,5,4,Benign
4426,2,0,Benign
71274374,32,31,Benign
300836,2,0,Benign
1268,1,1,Benign
162611,2,0,Benign
59492745,16,10,DDoS-Syn
323,2,0,Benign
63354486,17,22,Benign
1238844,8,7,Benign
3975562,13,8,Benign
6886736,5,3,DoS-Goldeneye
61401,2,2,Benign
20969,5,2,Benign
4374502,5,3,Benign
55036627,7,6,Benign
1516063,3,0,Benign
3889280,5,3,Benign
1817563,8,7,Benign
54032526,2,0,Benign
175945,3,1,Benign
60493033,14,14,Benign
12337,3,4,DDoS-HOIC
117977536,20,24,Benign
31963,5,1,DoS-Hulk
467700,10,5,Benign
918,1,1,Benign
121153,2,2,Benign
46,2,0,Benign
1256,5,2,Benign
209,2,2,Benign
169,3,0,Benign
1312032,3,4,DDoS-LOIC-HTTP
100202773,8,5,DoS-Hulk
455,3,0,Benign
86398433,13,6,DoS-Hulk
38667,1,1,Benign
596,3,4,Benign
156,2,2,Benign
160,2,0,Benign
119946190,29,23,Benign
2227991,8,7,Benign
86340592,2,0,Benign
1545270,7,6,Benign
23386,1,1,Benign
91116,8,8,Benign
1593702,3,4,DDoS-LOIC-HTTP
23853,2,2,Benign
1048057,3,4,DDoS-LOIC-HTTP
348,1,1,Benign
10150674,7,12,Benign
5527272,5,6,Benign
412280,2,2,Benign
1166671,3,4,DDoS-LOIC-HTTP
2127662,8,7,Benign
1589,1,1,Benign
3167376,10,7,Benign
3004936,3,4,Benign
1197729,8,7,Benign
422084,6,5,Benign
17348901,2,0,DDoS-LOIC-HTTP
95029,2,2,Benign
100510783,9,5,DoS-Hulk
76786,4,2,Benign
495,1,1,Benign
40102,2,2,Benign
5619457,9,6,Benign
31177,2,2,Benign
5530598,8,6,Benign
452246,11,13,Benign
5088119,9,8,Benign
31997,1,1,Benign
29649590,2,0,DDoS-LOIC-HTTP
183217,3,1,Benign
32164,2,2,Benign
243061,3,1,Benign
37,3,1,Benign
117142481,50,84,Infiltration
11095037,11,10,Benign
20,1,1,Benign
22644120,2,0,DDoS-LOIC-HTTP
28019073,7,8,Benign
1376,5,2,Benign
84908296,6,6,DoS-Hulk
1505306,3,4,DDoS-LOIC-HTTP
31686,1,1,Benign
88,3,1,Benign
2143272,10,7,Benign
310,3,0,Benign
14591559,2,0,Benign
245,2,2,Benign
1995,3,4,DDoS-HOIC
5620450,2,0,DDoS-LOIC-HTTP
148168,0,2,Benign
29469,1,1,Benign
694294,4,4,Benign
30806,2,2,Benign
24527926,2,0,DDoS-LOIC-HTTP
1402222,8,7,Benign
119168446,11,12,Benign
5015102,9,8,Benign
38014,2,2,Benign
20765,2,2,Benign
551869,38,16,Benign
5899294,6,4,Benign
30887208,3,3,Benign
322,2,2,Benign
3836,18,0,DDoS-NTP
116105006,16,15,Benign
71979,1,1,Benign
1314,1,1,Benign
901,1,1,Benign
22,1,1,Benign
36585192,2,0,DDoS-LOIC-HTTP
426587,1,1,Benign
1059020,3,4,DDoS-LOIC-HTTP
877874,3,4,DDoS-LOIC-HTTP
116846802,13,13,Benign
85129368,8,7,DoS-Hulk
16636,3,4,DDoS-HOIC
59417,2,2,Benign
5397655,8,5,Benign
34639412,17,14,Benign
3810282,5,3,Benign
18700,2,0,DoS-Hulk
3194929,9,7,Benign
233342,3,1,Benign
1208231,7,5,Benign
101589918,9,7,DoS-Hulk
83166202,5,7,DoS-Hulk
3005438,4,0,DDoS-TFTP
5558973,4,4,Benign
117968422,24,18,Benign
222,2,2,Benign
6635436,4,4,Benign
1752,5,2,Benign
5187031,6,3,Benign
8774,3,4,DDoS-HOIC
1340,1,1,Benign
1638476,3,4,DDoS-LOIC-HTTP
2121,32,0,DDoS-NTP
38348742,2,0,DDoS-LOIC-HTTP
54121957,2,0,Benign
212,2,2,Benign
26018833,2,0,DDoS-LOIC-HTTP
1046781,3,4,DDoS-LOIC-HTTP
10245539,7,11,Benign
119767426,32,34,Benign
534,1,1,Benign
5375128,5,3,Benign
33089,5,2,Benign
3504447,8,9,Benign
124674,2,2,Benign
218,2,2,Benign
12757860,5,6,Benign
10212,3,4,Botnet
54619333,2,0,Benign
4076997,5,3,Benign
117040602,12,13,Benign
5264,2,0,Benign
2128325,10,7,Benign
5080421,4,4,Benign
21523656,2,0,DDoS-LOIC-HTTP
201489,12,15,Benign
76463,2,2,Benign
458,1,1,Benign
5049709,6,4,Benign
86187492,2,0,Benign
1267,5,2,Benign
2028884,8,7,Benign
24253,1,1,Benign
1429485,3,4,DDoS-LOIC-HTTP
11678,1,1,Benign
1689857,3,4,DDoS-LOIC-HTTP
202558,7,5,Benign
1589665,3,4,DDoS-LOIC-HTTP
117173049,14,14,Benign
4051432,5,3,Benign
4256,6,0,DoS-Hulk
171132,19,25,Benign
5270530,3,1,Benign
8124504,5,5,Benign
546,1,1,Benign
4334244,5,3,Benign
175264,3,1,Benign
70,2,1,Benign
34066361,2,0,DDoS-LOIC-HTTP
90522,2,2,Benign
2822637,9,11,Benign
34004357,2,0,DDoS-LOIC-HTTP
86283113,2,0,Benign
176,3,0,Benign
62240998,57,284,Benign
12531,1,1,Benign
54555210,2,0,Benign
1133,1,1,Benign
188,2,2,Benign
11084448,1,5,Benign
44934,1,1,Benign
112,2,0,Benign
685,1,1,Benign
9290,3,4,Botnet
171,2,0,Benign
1283290,3,4,DDoS-LOIC-HTTP
1394584,8,7,Benign
20994,2,2,Benign
4214730,5,3,Benign
83852,1,1,Benign
47668,1,1,Benign
88464154,2,0,Benign
176878,2,2,Benign
264,3,0,Benign
4061151,15,8,Benign
275,2,0,Benign
209866,7,6,Benign
17441,3,4,DDoS-HOIC
1861604,3,5,DDoS
1542663,8,7,Benign
252,3,1,Benign
1372,5,2,Benign
923,3,4,Benign
4219707,5,3,Benign
12977,1,1,Benign
6141161,3,1,Benign
1686544,8,7,Benign
1208,1,1,Benign
10183,3,4,Botnet
86151578,2,0,Benign
30592,1,1,Benign
939,3,0,Benign
4014604,13,8,Benign
117236033,53,87,Benign
265,2,2,Benign
1026659,13,9,Benign
32589,2,0,DoS-Hulk
26618488,2,0,DDoS-LOIC-HTTP
1203507,7,5,Benign
4008324,5,3,Benign
30775,2,2,Benign
1565489,3,4,DDoS-LOIC-HTTP
10585,3,4,Botnet
36495,2,2,Benign
29286760,2,0,DDoS-LOIC-HTTP
5632429,10,6,Benign
2373363,8,7,Benign
1719,1,1,Benign
18456,5,2,Benign
35551776,10,6,DDoS-Syn
54086528,2,0,Benign
47,2,0,Benign
413963,2,0,Benign
85981049,2,0,Benign
61052,4,2,Benign
61050876,94,123,Benign
1375594,3,4,DDoS-LOIC-HTTP
90527,1,1,Benign
1283,1,1,Infiltration
112639219,3,0,Benign
3000126,4,0,DDoS-TFTP
1309051,3,4,DDoS-LOIC-HTTP
79967,1,1,Benign
5724883,7,3,Benign
23766,1,1,Benign
27685,1,1,Benign
86135465,2,0,Benign
60281795,8,8,Benign
3288,2,0,Benign
52200342,56,78,Benign
5154364,10,11,Benign
9984,2,1,DoS-Hulk
24683822,2,0,DDoS-LOIC-HTTP
44148,5,2,Benign
463,1,1,Benign
36809,1,1,Benign
7887,3,4,DDoS-HOIC
808,3,1,Benign
916,3,4,Benign
4294050,5,3,Benign
116221015,17,15,Benign
5688683,3,1,Benign
90667994,6,9,Benign
30366,1,1,Benign
1926391,8,7,Benign
281235,5,2,Infiltration
2239417,8,7,Benign
189,2,2,Benign
1507707,3,4,DDoS-LOIC-HTTP
2031591,8,7,Benign
37144,3,4,DDoS-HOIC
5739277,4,4,Benign
52726575,8,0,DDoS-Syn
160,2,2,Benign
27923226,2,0,DDoS-LOIC-HTTP
18556,1,1,Benign
9759,3,4,Botnet
1364,3,4,DDoS-HOIC
5798113,4,4,Benign
5835185,9,10,Benign
4260380,5,3,Benign
31460,2,2,Benign
1355153,3,4,DDoS-LOIC-HTTP
13357,2,0,DDoS-HOIC
11966584,2,0,DDoS-LOIC-HTTP
116456561,23,17,Benign
1412724,8,7,Benign
12849,1,1,Benign
169,1,1,Benign
5455648,4,4,Benign
5552712,4,4,Benign
46866,4,2,Benign
5248980,10,8,Benign
1703742,8,7,Benign
71306136,26,20,Benign
73697,0,2,Benign
86013538,7,7,DoS-Hulk
3391267,11,7,Benign
2761839,8,7,Benign
567,1,1,Benign
227644,1,2,Benign
98440077,7,7,DoS-Hulk
29917,2,2,Benign
1000249,2,0,Benign
184,2,2,Benign
68707,9,7,Benign
92256,8,8,Benign
53,4,0,DDoS-UDP
11570,6,0,DDoS-NTP
9030775,2,0,DoS-Goldeneye
112638461,3,0,Benign
54007262,2,0,Benign
18511613,2,0,DDoS-LOIC-HTTP
15948,5,2,Benign
51576,2,2,Benign
31132,2,2,Benign
50323,1,1,Benign
9454,1,1,Benign
1026,1,1,Benign
116007434,16,14,Benign
3010984,4,0,DDoS-TFTP
74,1,1,Benign
86023684,2,0,Benign
8821,5,2,Benign
8963,2,0,DDoS-HOIC
1021,1,1,Benign
1543087,8,7,Benign
4107511,5,3,Benign
98665881,8,6,DoS-Hulk
115080744,16,14,Benign
39833,2,2,Benign
26386,2,2,Benign
53289597,2,0,Benign
2987053,4,0,DDoS-TFTP
117140164,16,16,Benign
373324,25,20,Bruteforce-SSH
1494010,3,3,Benign
12263308,2,0,DDoS-LOIC-HTTP
10781,3,4,Botnet
5692224,5,4,Benign
24857894,2,0,DDoS-LOIC-HTTP
1681,1,1,Benign
1086470,2,0,DDoS-LOIC-HTTP
19,1,1,Benign
41295,1,1,Benign
1006790,3,4,DDoS-LOIC-HTTP
152289,20,20,Benign
153015,2,2,Benign
1124295,6,5,Benign
642,3,0,Benign
89,1,1,Benign
15699,5,2,Benign
167,2,2,Benign
4081947,5,3,Benign
230,2,0,Benign
75211,2,2,Benign
31247,2,2,Benign
1516471,3,4,DDoS-LOIC-HTTP
1405023,8,7,Benign
378,2,0,Benign
3087407,5,2,Benign
119658807,16,19,Benign
16897,3,4,DDoS-HOIC
1279,5,2,Benign
3,3,0,Benign
117199907,13,12,Benign
662175,17,16,Benign
27,2,0,Benign
436,2,1,Benign
385,2,0,Benign
4199629,5,3,Benign
142580,2,2,Benign
18251486,2,0,DDoS-LOIC-HTTP
27311785,2,0,DDoS-LOIC-HTTP
24088796,2,0,DDoS-LOIC-HTTP
4294897,5,3,Benign
555586,7,5,Benign
7254599,4,7,Benign
228520,8,6,Benign
98409309,5,7,DoS-Hulk
74768115,2,2,Benign
117383274,41,62,Benign
30662,1,1,Benign
4289354,5,4,Benign
4353143,5,3,Benign
40264211,13,15,Benign
1192,5,2,Benign
10121921,7,8,Benign
1098,5,2,Benign
115465334,16,15,Benign
5332555,4,4,Benign
5004950,4,4,DoS-Goldeneye
3251540,6,13,Benign
13663,1,1,Benign
3842674,4,5,Benign
31265,2,2,Benign
15007716,2,0,DDoS-LOIC-HTTP
3001086,4,0,DDoS-TFTP
2974737,4,0,DDoS-TFTP
1000083,2,0,Benign
2025306,10,9,Benign
95444,2,2,Benign
110,2,2,Benign
1486,3,4,DDoS-HOIC
87719572,1,1,Benign
84155468,7,6,DoS-Hulk
98932713,7,5,DoS-Hulk
50345,1,1,Benign
9659,0,2,Benign
166217,10,8,Benign
2518,1,1,Benign
23089441,2,0,DDoS-LOIC-HTTP
30783,2,2,Benign
105333,4,0,DDoS-UDP
51725,3,0,DoS-Hulk
264,2,2,Benign
27,3,1,Benign
1522,5,2,Benign
1501566,3,0,Benign
88059244,2,0,Benign
113092,1,1,Benign
2256250,7,7,Benign
4480674,5,3,Benign
54394952,2,0,Benign
213,2,2,Benign
86136914,2,0,Benign
24759,1,1,Benign
1427094,3,4,DDoS-LOIC-HTTP
4056657,11,7,Benign
112639193,3,0,Benign
27385,1,1,Benign
3883508,13,8,Benign
67,2,2,Benign
69790,3,0,Benign
4389441,10,8,Benign
3455,3,1,Benign
46624570,12,13,Benign
259,1,1,Benign
391870,25,20,Bruteforce-SSH
8691,2,0,DoS-Hulk
824,3,4,Benign
1942168,8,7,Benign
21710249,2,0,DDoS-LOIC-HTTP
1811505,10,8,Benign
99441705,7,6,DoS-Hulk
281377,2,0,Benign
50445,2,2,Benign
93656356,1,1,Benign
1200,5,2,Benign
115487202,23,21,Benign
294127,2,1,Benign
5440277,5,3,Benign
1124987,2,0,Benign
112642170,3,0,Benign
2492863,9,9,Benign
776,1,1,Benign
774,1,1,Benign
4467578,5,3,Benign
2998284,4,0,DDoS-TFTP
22813454,9,13,Benign
112639565,3,0,Benign
15764,5,2,Benign
11340,3,4,Botnet
889,3,0,Benign
133993,2,2,Benign
2143297,10,7,Benign
186,2,2,Benign
118145245,52,93,Benign
119901820,71611,0,DDoS-UDP
1253109,3,4,DDoS-LOIC-HTTP
1178041,3,4,DDoS-LOIC-HTTP
17382907,2,0,DDoS-LOIC-HTTP
191202,4,1,Benign
155370,1,2,Benign
966,1,1,Benign
5590181,9,7,Benign
33592,5,2,Benign
5128835,4,4,Benign
85041309,8,6,DoS-Hulk
556,1,1,Benign
235,2,1,Bruteforce-FTP
20526128,6,7,Benign
115852530,22,41,Benign
86055512,2,0,Benign
1254,1,1,Benign
455253,9,6,Benign
30538,1,1,Benign
452,1,1,Benign
112405,1,1,Benign
98442793,7,6,DoS-Hulk
112640900,3,0,Benign
6447278,10,7,Benign
660797,10,7,Benign
6147455,4,4,Benign
1026,3,4,Benign
115346730,16,15,Benign
459136,5,4,Benign
34586,2,1,Benign
31600,1,1,Benign
116382685,45,91,Benign
204,2,2,Benign
1397441,8,7,Infiltration
115716968,16,15,Infiltration
4438062,5,3,Benign
117,2,2,Benign
407207,2,0,Benign
6209103,4,4,Benign
86238474,2,0,Benign
31115,1,1,Benign
1013078,7,5,Benign
52660,3,0,DoS-Hulk
61028,1,1,Benign
116665,2,3,Benign
290,2,2,Benign
1931,1,1,Benign
15409542,10,11,Benign
267,2,2,Benign
1858,5,2,Benign
1309778,5,3,Benign
67457918,53,91,Benign
61217036,14,14,Benign
1556,3,4,DDoS-HOIC
16866,60,0,DDoS-NTP
371226,9,9,Benign
260419,6,6,Benign
88488,2,2,Benign
1710676,9,8,Benign
4354648,5,3,Benign
54542623,2,0,Benign
32872055,2,0,DDoS-LOIC-HTTP
6172457,4,4,Benign
47915119,8,0,DDoS-Syn
64917085,10,9,Benign
98883,6,6,Benign
23786,1,1,Benign
141,2,0,Benign
2528915,3,1,Benign
34817059,2,0,DDoS-LOIC-HTTP
11564,2,1,Benign
60972009,20,19,Benign
1364,46,0,DDoS-NTP
10908,3,4,Botnet
140712,1,3,DoS-Slowhttptest
50357,2,2,Benign
23692,3,5,Benign
79,1,1,Benign
97587,2,2,Benign
2426529,8,7,Benign
37042,1,1,Benign
115545868,16,14,Benign
1456,5,2,Benign
1543,1,1,Benign
6141622,4,4,Benign
58026,1,1,Benign
11845,3,4,Botnet
156,2,2,Benign
86138752,2,0,Benign
212067,3,5,DoS-Hulk
630110,5,5,Benign
673,12,0,DDoS-NTP
115454079,17,15,Benign
69842384,12,12,Benign
307,3,0,Benign
77483,3,5,Benign
30739934,2,0,DDoS-LOIC-HTTP
1336,5,2,Benign
36187,4,4,Benign
47906,1,1,Benign
31546,2,2,Benign
65970751,2,1,Benign
7093,3,4,DDoS-HOIC
274052,2,1,Benign
3875306,13,8,Benign
3003,2,0,Benign
70500525,70,177,Benign
110019886,16,15,Benign
6272603,4,4,Benign
119901420,5,5,Benign
30963,2,2,Benign
2075317,8,7,Benign
13893683,2,0,DDoS-LOIC-HTTP
4195897,5,3,Benign
99793629,7,6,DoS-Hulk
84870292,7,5,DoS-Hulk
43824,3,0,DoS-Hulk
130730,11,7,Benign
63231,3,0,DoS-Hulk
602241,11,16,Benign
239671,1,1,Benign
315,1,1,Benign
98833698,9,6,DoS-Hulk
2420,5,2,Benign
3443357,3,5,Benign
852,3,4,Benign
11072,3,4,Botnet
5102221,7,7,Benign
30686,2,2,Benign
84029,16,11,Benign
88355437,2,0,Benign
25511,1,1,Benign
3995775,9,13,Benign
556,1,2,Benign
1378577,3,4,DDoS-LOIC-HTTP
119196317,9,10,Benign
19270,1,1,Benign
75,3,1,Benign
28075,1,1,Benign
202,2,2,Benign
30508,2,0,DoS-Hulk
5247072,4,4,Benign
1691,5,2,Benign
1491,5,2,Benign
21218571,4,0,DDoS-UDPLag
33001,2,2,Benign
86032399,2,0,Benign
884856,6,5,Benign
67591,2,0,Benign
41239754,2,0,DDoS-LOIC-HTTP
10061,5,2,Benign
6110019,4,4,Benign
10382,3,4,Botnet
5386715,9,5,Benign
34750037,2,0,DDoS-LOIC-HTTP
38,1,1,Benign
89479732,6,0,Benign
87840,2,2,Benign
5776567,4,4,Benign
9418,2,0,DDoS-HOIC
3512171,10,10,Benign
15026,1,1,Benign
144,1,1,Benign
12848,3,4,Botnet
2414940,11,6,Benign
60108052,8,6,Benign
68312480,7,6,DoS-Hulk
373,1,1,Benign
12593,2,0,DoS-Hulk
53684117,2,0,Benign
4063312,5,3,Benign
3917544,5,3,Benign
1408,5,2,Benign
118910235,334,476,Benign
1552458,8,7,Benign
559560,9,7,Benign
9632,2,1,Benign
168640,6,5,Benign
169,2,2,Benign
3721320,10,11,Benign
35,1,1,Benign
11371,1,1,Benign
13415750,2,0,DDoS-LOIC-HTTP
116400,2,2,Benign
115923,1,1,Benign
116904535,14,14,Benign
117340341,16,18,Benign
3953,1,1,Benign
5336864,9,7,Benign
409805,1,1,Benign
13274944,67,118,Benign
30105,2,2,Benign
133,2,0,Benign
166820,2,2,Benign
75748,3,0,DoS-Hulk
10373,3,4,Botnet
1092,3,0,Benign
967459,12,9,Benign
2961333,9,7,Benign
51407,2,2,Benign
15240,2,1,Benign
30675,1,1,Benign
4180492,5,3,Benign
1748,1,1,Benign
67064308,17,16,Benign
45627414,12,12,Benign
1264,5,2,Benign
6061014,10,12,Benign
2561,5,2,Benign
374721,24,20,Bruteforce-SSH
98353163,9,4,DoS-Hulk
228,2,2,Benign
9967,2,1,Benign
4262400,5,3,Benign
16622,3,4,DDoS-HOIC
95887911,9,5,DDoS
31979,4,4,Benign
968,3,4,Benign
1617096,8,7,Benign
5989016,6,0,DDoS-TFTP
60349716,11,9,Benign
1210621,3,4,DDoS-LOIC-HTTP
31059,1,1,Benign
117798586,18,18,Benign
30880,1,1,Benign
2958276,9,7,Benign
1725,3,1,Benign
24239,1,1,Benign
86170517,2,0,Benign
2421846,1,1,Benign
13567728,11,9,Benign
262,2,2,Benign
54,1,1,Benign
1078843,3,3,Infiltration
4136164,5,3,Benign
712,1,1,Benign
299543,6,5,Benign
18747300,2,0,DDoS-LOIC-HTTP
119966454,19,18,Benign
27039863,8,14,Benign
1551,2,1,Benign
10816,3,4,DDoS-HOIC
118657088,39,52,Benign
220947,1,1,Benign
36216,2,0,DoS-Hulk
108206,4,0,DDoS-UDP
7534392,2,2,Benign
108329523,15,3,DoS-Slowloris
4332688,5,3,Benign
218258,6,0,DDoS-UDP
860,1,1,Benign
6284798,11,7,Benign
5094349,5,6,Benign
13194,3,1,Benign
2180228,8,7,Benign
28527552,9,11,Benign
10750507,2,0,DDoS-LOIC-HTTP
117661919,2,0,Benign
16104999,2,0,DoS-Goldeneye
98008,2,2,Benign
70,2,1,Benign
31155,2,2,Benign
862,3,4,Benign
11348,3,4,Botnet
2203846,8,7,Benign
16852,3,4,DDoS-HOIC
60549468,12,14,Benign
1085388,6,5,Benign
117299672,25,36,Benign
100810,8,8,Benign
1081011,3,4,DDoS-LOIC-HTTP
121452,4,2,Benign
475,1,1,Benign
129036,122,0,DDoS-NTP
168,2,2,Benign
195092,12,7,Benign
243,3,0,Benign
1925,1,1,Benign
1142,1,1,Benign
1644,1,1,Benign
29091847,2,0,DDoS-LOIC-HTTP
4017650,8,7,Benign
284089,3,1,Benign
1123,5,2,Benign
14064,3,4,DDoS-HOIC
2675979,9,9,Benign
3019208,4,0,DDoS-TFTP
4538880,5,4,Benign
1399280,3,4,DDoS-LOIC-HTTP
5641361,4,4,Benign
70,1,1,Benign
98861,22,25,Benign
4970706,2,0,Benign
100468,2,2,Benign
4923,2,0,Infiltration
86259361,2,0,Benign
79648,2,2,Benign
3000428,4,0,DDoS-TFTP
826914,5,0,DDoS
481,1,1,Benign
1558,1,1,Benign
655,3,0,Benign
54247,2,2,Benign
118335702,15,17,Benign
40106647,8,10,Benign
44954005,6,5,Benign
3048260,10,9,Benign
206,2,2,Benign
785,1,1,Benign
1219766,7,5,Benign
88867,2,2,Benign
1361815,3,4,DDoS-LOIC-HTTP
3498199,9,7,Benign
93391479,11,10,Benign
125394,3,0,DoS-Hulk
266,2,2,Benign
743362,9,5,Benign
5383646,5,3,Benign
314,3,0,Benign
11661,3,4,Botnet
86358456,2,0,Benign
529884,5,4,Benign
5342422,3,1,Benign
6083,2,0,Benign
2172490,8,7,Benign
60893,1,1,Benign
1038044,3,4,DDoS-LOIC-HTTP
716,2,0,Benign
1992574,7,5,Benign
155514,3,1,Benign
117488732,14,12,Benign
5542009,3,1,Benign
115559981,16,14,Benign
258,1,1,Benign
2998856,4,0,DDoS-TFTP
115306211,22,17,Benign
30755,2,2,Benign
233,2,0,Benign
178,2,2,Benign
1658350,3,4,DDoS-LOIC-HTTP
1501,5,2,Benign
1270,36,0,DDoS-NTP
398,6,0,DDoS-NTP
124326,19,15,Benign
495,2,0,Benign
190,1,4,Benign
1458,5,2,Benign
5109960,3,1,Benign
4323867,10,7,Benign
5387784,4,4,Benign
1459,5,2,Benign
342,2,2,Benign
1918,1,1,Benign
383314,22,20,Bruteforce-SSH
10286556,14,21,Benign
279,2,2,Benign
60385,1,1,Benign
23258,1,1,Benign
22153150,2,0,DDoS-LOIC-HTTP
39903,1,1,Benign
115569556,21,20,Benign
61020998,23,33,Benign
1764,1,1,Benign
106,2,0,Benign
86311337,2,0,Benign
97806745,6,5,DoS-Hulk
1943,1,1,Benign
1853823,10,7,Benign
5003665,9,7,Benign
14752611,2,0,DDoS-LOIC-HTTP
85135278,1,1,Benign
88148876,2,0,Benign
2213708,8,7,Benign
5839105,4,4,Benign
12617,5,1,Benign
59791648,2,0,Benign
1288,1,1,Benign
3872560,5,1,Benign
88352534,2,0,Benign
4051199,11,8,Benign
6551872,4,6,Benign
3040428,4,0,DDoS-TFTP
50165,4,1,Benign
12523,3,4,DDoS-HOIC
100626,2,2,Benign
708,3,4,Benign
2756,1,1,Benign
8144776,6,8,Benign
60910886,16,14,Benign
4102998,14,8,Benign
260,3,0,Benign
9,5,0,DoS-Hulk
1630417,3,4,DDoS-LOIC-HTTP
3730935,2,0,DDoS-LOIC-HTTP
49800,4,5,Benign
1793367,1,5,Benign
52,1,1,Benign
2001664,2,0,Benign
50682874,9,9,Benign
115998120,16,14,Benign
117048176,15,16,Benign
2580123,6,5,Benign
155,2,2,Benign
5132620,7,9,Benign
267525,2,2,Benign
10982,3,4,DDoS-HOIC
1472,5,2,Benign
1420,1,1,Benign
21888,1,1,Benign
119997348,6,5,Benign
72,1,1,Webattack-bruteforce
249029,4,1,Benign
4168868,5,3,Benign
172,2,2,Benign
4057,4,2,Benign
86290074,2,0,Benign
4357866,5,3,Benign
40523442,2,0,DDoS-LOIC-HTTP
70560,3,5,Benign
31416707,2,0,DDoS-LOIC-HTTP
31753,2,2,Benign
31,1,1,Benign
86198719,2,0,Benign
11667167,11,11,Benign
133,2,0,Benign
924,1,1,Benign
778,2,1,Portscan
4167832,5,4,Benign
5677977,3,1,Benign
87072,2,2,Benign
1507267,7,5,Benign
115627420,27,62,Benign
1182263,3,4,DDoS-LOIC-HTTP
69862,3,5,Benign
2908033,2,0,DDoS-LOIC-HTTP
1673584,8,7,Benign
10894,3,4,Botnet
31424,2,2,Benign
86331757,2,0,Benign
203131,2,0,Benign
2527048,9,9,Benign
180,2,0,DoS-Hulk
1076,1,1,Benign
116609816,22,24,Benign
2063855,11,7,Benign
2782870,8,7,Benign
788089,3,4,DDoS
7,1,1,Benign
187279,4,2,Benign
6002383,6,0,DDoS-TFTP
34132484,2,0,DDoS-LOIC-HTTP
40701262,10,12,Benign
1453297,3,4,DDoS-LOIC-HTTP
5130643,9,5,Benign
13673,1,1,Benign
1673860,8,7,Benign
4106566,5,3,Benign
821,4,0,DDoS-NTP
17267,1,1,Benign
4025548,14,8,Benign
3937011,5,3,Benign
23833,1,1,Benign
671,1,1,Benign
20542,1,1,Benign
470,2,1,Benign
62336635,48,172,Benign
2705617,10,8,Benign
196858,10,9,Benign
1203,3,4,DDoS-HOIC
16059,2,1,Benign
2999794,4,0,DDoS-TFTP
5880172,4,4,Benign
20942267,6,8,Benign
54399737,2,0,Benign
115101332,109,164,Benign
26474,0,2,Benign
76492,2,0,DoS-Hulk
218952,2,0,Infiltration
423,2,2,Benign
246,2,2,Benign
561489,9,6,Benign
9394779,4,0,DDoS
1059,1,1,Benign
2006240,8,8,Benign
32465,2,2,Benign
86328148,2,0,Benign
5990,3,4,DDoS-HOIC
2004,1,1,Benign
112638661,3,0,Benign
377836,22,22,Bruteforce-SSH
1903011,10,8,Benign
50731,1,1,Benign
226,2,0,Benign
339,2,1,Benign
19723,0,2,Benign
5271779,3,1,Benign
764,3,4,Benign
2999652,2,0,Benign
6300015,4,4,Benign
2640532,9,7,Benign
20857959,8,7,Benign
57,1,1,Benign
7014,2,0,DDoS-HOIC
1226680,3,4,DDoS-LOIC-HTTP
1511429,3,0,Benign
64273285,7,2,Benign
4325690,5,3,Benign
163233,3,1,Benign
30878511,11,12,Benign
116420912,18,16,Benign
98284819,7,6,DoS-Hulk
4476,3,0,Benign
385080,22,22,Bruteforce-SSH
126,3,1,Benign
1145562,3,4,DDoS-LOIC-HTTP
5103528,4,2,Benign
20847,2,2,Benign
116007107,20,18,Benign
5003059,5,3,Benign
98655794,7,5,DoS-Hulk
393294,22,22,Bruteforce-SSH
596163,23,34,Benign
912,3,4,Benign
200536,2,2,Benign
101,2,2,DDoS-Syn
70419,3,5,DDoS
48318,2,2,Benign
12147016,2,0,DDoS-LOIC-HTTP
82143,1,1,Benign
1498737,3,0,Benign
30776,2,2,Benign
5005762,9,6,DoS-Goldeneye
5283688,16,13,Benign
86237273,2,0,Benign
25756,2,2,Benign
2219360,8,7,Benign
77930,2,1,Infiltration
17208,3,4,DDoS-HOIC
1451488,6,11,Benign
3296300,5,3,Benign
9730,3,4,Botnet
1411841,3,4,DDoS-LOIC-HTTP
2139,1,1,Benign
552261,3,6,DDoS
4208102,5,3,Benign
1263551,3,4,DDoS-LOIC-HTTP
8678810,4,0,DDoS
4020256,4,5,DoS-Hulk
112635422,3,0,Benign
2752,60,0,DDoS-NTP
291858,6,5,Benign
4039824,19,22,Benign
4083377,5,3,Benign
42669,3,4,DoS-Hulk
4099623,5,3,Benign
4415178,5,3,Benign
5203226,3,1,Webattack-bruteforce
30624,1,1,Benign
3036324,4,0,DDoS-TFTP
25967,2,2,Benign
89920,1,1,Benign
1969140,8,7,Benign
8970,6,0,DDoS-NTP
48702,4,4,Benign
4223637,5,3,Benign
61365643,11,9,Benign
3003973,4,0,DDoS-TFTP
5240161,3,1,Benign
96,2,2,DDoS-Syn
84017,3,0,DoS-Hulk
313,2,0,Benign
5063567,9,21,Benign
81819,2,2,Benign
806,3,0,Benign
1028,1,1,Benign
354,1,1,Benign
55593583,7,6,Benign
824855,6,5,Benign
54167130,2,0,Benign
253,3,0,Benign
17917,3,4,DDoS-HOIC
90107,2,1,Benign
5366,3,4,DDoS-HOIC
18450896,2,0,DDoS-LOIC-HTTP
19092,3,4,DDoS-HOIC
4133504,14,8,Benign
90847590,5,10,Benign
30403,1,1,Benign
213513,1,1,Benign
3870155,13,8,Benign
117532173,18,15,Benign
6198933,4,4,Benign
237,2,1,Benign
1024,3,4,Benign
140,2,2,Benign
68869,2,0,DoS-Hulk
145850,13,12,Benign
328,3,0,Benign
54361057,2,0,Benign
3001258,4,0,DDoS-TFTP
86432647,2,0,Benign
22502178,2,0,DDoS-LOIC-HTTP
105248672,14,0,Benign
6051728,4,4,Benign
422173,2,0,Benign
37,1,1,Benign
63092,2,2,Benign
178048,2,2,Benign
1043,1,1,Benign
515,1,1,Benign
39329021,2,2,Benign
5891273,4,4,Benign
4228957,5,3,Benign
2681773,13,24,Benign
51153,3,4,Benign
46732,1,1,Benign
86166816,2,0,Benign
4307541,5,3,Benign
14257,5,2,Benign
4149753,5,4,Benign
30,1,1,Benign
1078,3,0,Benign
2323487,9,8,Benign
581,1,1,Benign
1336,5,2,Benign
1416,1,1,Benign
1154180,3,4,DDoS-LOIC-HTTP
53938851,2,0,Benign
10372,3,4,Botnet
993,1,1,Benign
139305,9,7,Benign
163354,2,2,Benign
115725656,17,17,Benign
153496,2,0,Benign
1711396,8,7,Benign
61930327,15,14,Benign
33184,1,1,Benign
24408,2,0,DoS-Hulk
3991337,14,8,Benign
320,2,1,Benign
23831,1,1,Benign
2559,5,2,Benign
647,3,4,Benign
331,2,0,Benign
196,2,2,Benign
23816,2,2,Benign
54181341,2,0,Benign
4235475,5,3,Benign
5909918,8,6,Benign
9620608,6,8,Benign
20792,2,2,Benign
18436,1,1,Benign
5249704,30,38,Benign
60864,1,1,Benign
222,2,2,Benign
23943,2,2,Benign
20571,1,1,Benign
15573,5,2,Benign
51,2,0,DDoS-MSSQL
777,3,4,Benign
8214083,10,7,Benign
3,2,0,Benign
4038207,10,12,Benign
2579165,8,8,Benign
5239663,3,1,Benign
9783,3,4,Botnet
8862,1,1,Benign
3265815,5,3,Benign
1077805,3,3,Benign
82326,3,1,Benign
10238645,10,6,Benign
108012,3,0,DoS-Hulk
4181225,5,3,Benign
58,1,1,Benign
114851150,41,33,Benign
374304,22,22,Bruteforce-SSH
112641079,3,0,Benign
4101383,14,8,Benign
54160053,2,0,Benign
309,1,1,Benign
41245,2,2,Benign
119995112,154,331,Benign
72191,2,2,Benign
10169188,5,9,Benign
4971572,2,0,Benign
118097168,21,17,Benign
1103712,3,4,DDoS-LOIC-HTTP
28110739,12,12,Benign
53109788,5,1,Benign
1066,1,1,Benign
963561,6,5,Benign
11814,5,2,Benign
11258,1,1,Benign
47016,5,2,Benign
108188,2,3,Benign
27290720,2,0,DoS-Goldeneye
30619,1,1,Benign
1087,5,2,Benign
116996370,16,13,Benign
23943,2,2,Benign
1003,1,1,Benign
54475000,2,0,Benign
4192318,13,8,Benign
256,3,0,Infiltration
19465,3,1,Benign
5243655,5,6,Benign
54069620,2,0,Benign
85495076,7,6,DoS-Hulk
54657370,2,0,Benign
5561141,5,3,Benign
26819773,2,0,DDoS-LOIC-HTTP
38,1,2,Benign
3947764,5,3,Benign
2999956,4,0,DDoS-TFTP
1675200,3,4,DDoS-LOIC-HTTP
38121,1,1,Benign
7015926,5,3,DoS-Goldeneye
693,3,0,Benign
81947757,8,4,DDoS
50992,2,2,Benign
1768569,8,7,Benign
391265,23,20,Bruteforce-SSH
1537123,3,4,DDoS-LOIC-HTTP
1722016,9,7,Benign
2396,1,1,Benign
11574,3,4,DDoS-HOIC
1270,1,1,Benign
13727,120,0,DDoS-NTP
61833,2,2,Benign
1796649,9,7,Benign
174,2,2,Benign
114317965,56,0,Benign
4102558,13,8,Benign
6202667,4,4,Benign
56512,2,0,DoS-Hulk
53784,1,1,Benign
60791882,15,13,Benign
22209065,2,0,DDoS-LOIC-HTTP
840594,3,4,DDoS-LOIC-HTTP
99815701,7,6,DoS-Hulk
357564,22,22,Bruteforce-SSH
1067,1,1,Benign
60502,3,4,Benign
13468650,2,0,Benign
1279,1,1,Benign
60050,2,2,Benign
37,2,1,Benign
3937,2,0,Benign
90472,2,2,Benign
84195690,2,0,Benign
6055,1,1,Benign
4447716,4,5,Benign
2486857,9,7,Benign
117623984,30,23,Benign
1568,1,1,Benign
1666947,8,7,Benign
154,2,2,Benign
6882008,63,108,Benign
98928854,7,8,DoS-Hulk
73235,3,0,DoS-Hulk
3559633,9,7,Benign
164,2,2,Benign
918,3,4,Benign
9691,3,4,Botnet
2475473,9,7,Benign
31679,13,1,Benign
1252,5,2,Benign
3000217,4,0,DDoS-TFTP
999756,3,3,Botnet
84866417,92,454,Benign
194532,3,5,DDoS
32900,2,2,Benign
53970252,2,0,Benign
1593544,3,4,DDoS-LOIC-HTTP
5029219,1,1,Benign
76,1,1,Benign
4538963,5,4,Benign
4259925,5,3,Benign
45900,3,4,Botnet
23875,1,1,Benign
956510,2,0,Benign
135238,6,5,Benign
5005,3,0,Benign
108998,4,0,DDoS-UDP
4408701,5,3,Benign
2271,2,0,Benign
4256269,5,3,Benign
262,3,0,Benign
116020204,16,14,Benign
6897466,5,3,DoS-Goldeneye
4049750,13,8,Benign
1115279,3,4,DDoS-LOIC-HTTP
84949058,12,11,Benign
80122845,14,14,Infiltration
61737094,2,0,Benign
69336,2,2,Benign
29462,2,2,Benign
5003761,8,5,Benign
192127,1,1,Benign
1623,5,2,Benign
1447,3,4,Benign
1813,1,1,Benign
1313735,11,12,Benign
28546,3,4,DDoS-HOIC
1190,5,2,Benign
1035062,3,4,DDoS-LOIC-HTTP
1049,1,1,Benign
26102655,2,2,Benign
3790671,8,7,Benign
36353,2,2,Benign
118273246,16,17,Benign
826,1,1,Benign
602166,7,5,Benign
55264,2,0,DoS-Hulk
70143,1,1,Benign
47784,2,2,Benign
115851305,16,14,Benign
4041034,5,3,Benign
3001365,10,7,Benign
116859885,24,28,Benign
53960,5,2,Benign
137,2,2,Benign
298124,3,1,Benign
2600648,9,9,Benign
1941,2,0,Benign
178899,2,6,Benign
13989,3,4,DDoS-HOIC
64124,2,2,Benign
100782647,6,7,DoS-Hulk
63811344,10,4,DDoS-Syn
175761,4,2,Benign
2138580,8,7,Benign
17828095,2,0,DDoS-LOIC-HTTP
31247,2,2,Benign
320924,9,8,Benign
45,3,1,Benign
38,2,0,Benign
12079204,19,26,Benign
115896823,16,14,Benign
22443,2,0,DoS-Hulk
1337576,8,7,Benign
123205,2,2,Benign
338823,3,5,DDoS
365,2,0,Benign
12247,1,1,Benign
1,1,1,Bruteforce-FTP
39841,1,1,Benign
55068167,2,0,Benign
161608,18,25,Benign
24141,1,1,Benign
60289273,13,12,Benign
11585,3,4,Botnet
5590842,6,4,Benign
896,1,1,Benign
367737,23,22,Bruteforce-SSH
4273521,5,3,Benign
1520588,3,0,Benign
112637680,3,0,Benign
62721,2,2,Benign
2488,1,1,Benign
1039,3,4,Benign
9792248,12,14,Benign
115851027,16,15,Benign
748,3,4,Benign
621998,2,2,Benign
2008650,8,8,Benign
117210141,16,15,Benign
1670020,8,7,Benign
1596,5,2,Benign
132090,6,7,Benign
116114880,20,18,Benign
510,1,1,Benign
37001,1,1,Benign
20785,2,2,Benign
381186,22,20,Bruteforce-SSH
25745982,2,0,DDoS-LOIC-HTTP
30981,3,1,Benign
3241351,2,2,Benign
4259587,5,3,Benign
172812,2,0,Benign
1782731,7,5,Benign
1724071,10,7,Benign
841,3,4,Benign
158,2,2,Benign
86025593,2,0,Benign
22092,1,1,Benign
1253461,3,6,DDoS
74318852,3,3,Benign
2733,1,1,Benign
3976658,13,8,Benign
117351401,22,18,Benign
85854185,2,0,Benign
106681,4,0,DDoS-UDP
2381773,8,8,Benign
2029986,10,8,Benign
128497,8,5,Benign
4561,1,1,Benign
252973,2,5,Benign
999459,2,0,Benign
1124,1,1,Benign
15699,5,2,Benign
1269,5,2,Benign
25918230,2,0,DDoS-LOIC-HTTP
351,2,2,Benign
2403403,8,7,Benign
23827,2,2,Benign
86480623,2,0,Benign
378015,25,20,Bruteforce-SSH
4933379,4,7,Benign
3832351,4,0,DDoS
114325,3,1,Benign
4609196,8,10,Benign
1405,1,1,Benign
54440,10,9,Benign
4567255,8,6,Benign
3415635,12,7,Benign
18284,3,1,Benign
193237,7,5,Benign
36884,1,1,Benign
54525797,2,0,Benign
4088887,5,1,Benign
80911,1,1,Infiltration
1262,3,1,Benign
31681,5,2,Benign
33457,2,0,DDoS-HOIC
91548,2,2,Benign
30803,2,2,Benign
1368126,7,5,Benign
5279,4,0,DDoS-NTP
2313226,8,7,Infiltration
910,3,4,Benign
6042230,4,4,Benign
462,2,2,Benign
158,2,2,Benign
86119831,2,0,Benign
249,2,1,Bruteforce-FTP
158597,3,1,Benign
20716,3,4,DDoS-HOIC
116191940,16,14,Benign
96295,1,1,Benign
14852,3,4,Botnet
4113766,5,3,Benign
115468081,22,19,Benign
117637872,11,9,Benign
14498304,2,0,DDoS-LOIC-HTTP
32131009,2,0,DoS-Goldeneye
48066,1,1,Benign
940,1,1,Benign
98331673,1,1,Benign
16133,5,2,Benign
10118,3,4,Botnet
30700,2,2,Benign
1364,3,4,DDoS-HOIC
30666,1,1,Benign
31420186,26,39,Benign
8170770,5,0,DDoS
144737,2,2,Benign
2365628,5,13,Benign
1223,1,1,Benign
48995,2,2,Benign
205,2,2,Benign
24283,2,2,Benign
31233,2,2,Benign
572424,13,12,Benign
24940,2,2,Benign
118819840,20,0,Benign
30960,2,2,Benign
99171,2,2,Infiltration
253917,10,5,Benign
292,2,2,Benign
11862,3,4,Botnet
143,2,2,Benign
1359316,2,0,Benign
37324261,3,0,Benign
262290,2,0,Benign
73451529,60,110,Benign
2333511,8,7,Benign
360050,15,11,Benign
30718,1,1,Benign
5977591,9,9,Benign
1559181,35,42,Benign
74,1,4,Benign
7008,3,4,DDoS-HOIC
12856,1,1,Benign
10960,3,4,Botnet
1461670,39,46,Benign
6000550,2,0,DDoS-LOIC-HTTP
1231,5,2,Benign
16165,5,2,Benign
86360279,2,0,Benign
5376681,5,3,Benign
219748,3,1,Benign
63911,4,2,Benign
4035882,5,3,Benign
4733784,5,5,Benign
776742,8,7,Benign
4180444,5,3,Benign
97022,2,2,Benign
117654216,20,30,Benign
115797999,16,14,Benign
5499821,3,1,Benign
4718,2,0,Benign
86489852,2,0,Benign
181,3,1,Benign
69524,1,1,Benign
89769,7,10,Benign
16233,1,1,Benign
19471,1,1,Benign
65458,2,2,Benign
1371155,3,4,DDoS-LOIC-HTTP
162380,3,4,Benign
62,1,1,Benign
4401926,5,3,Benign
6239619,90,151,Infiltration
2211458,8,7,Benign
1678290,8,7,Benign
31033,2,2,Benign
99493894,8,7,DoS-Hulk
5927330,3,1,Benign
86480725,2,0,Benign
8742511,9,15,Bruteforce-FTP
101408420,7,7,DoS-Hulk
971,1,1,Benign
10935,3,4,Botnet
6181924,2,1,Benign
54,2,1,Benign
65737,1,1,Benign
4342708,5,3,Benign
5252,2,0,Benign
97404691,6,6,DoS-Hulk
102,1,1,Benign
90041819,3,3,Benign
1245,5,2,Benign
308528,9,6,Benign
2472,5,2,Benign
110180289,12,12,Benign
765,1,1,Benign
115769346,16,15,Benign
5727613,6,4,Benign
21118,3,4,DDoS-HOIC
26,2,0,DDoS-UDP
1680349,8,7,Benign
119390206,24,24,Benign
28404473,2,0,DDoS-LOIC-HTTP
150,2,1,Benign
30874,1,1,Benign
1148,5,2,Benign
9122971,3,0,Infiltration
41426,2,2,Benign
1675274,8,7,Benign
661352,7,5,Benign
379077,22,22,Bruteforce-SSH
117842,1,2,Benign
504,1,1,Benign
69127211,17,16,Benign
182,2,2,Benign
114612259,12,14,Benign
16221,2,0,DDoS-HOIC
29008763,2,0,DDoS-LOIC-HTTP
6000154,6,0,DDoS-TFTP
35,1,1,Benign
4150847,5,3,Benign
4923677,8,11,Benign
60610,1,1,Benign
12507,1,1,Benign
460,1,1,Benign
13118177,33,53,Benign
497,1,1,Benign
7514,2,0,DoS-Hulk
111042,2,2,Benign
17492,2,2,Benign
359096,22,22,Bruteforce-SSH
837048,3,5,DDoS
65096866,14,17,Benign
118545700,16,16,Benign
54854882,2,0,Benign
144049,3,6,DDoS
777172,3,4,DDoS-LOIC-HTTP
4193299,9,7,Benign
24681,2,2,Benign
7152345,11,12,Benign
23953,2,2,Benign
889,1,1,Benign
91695,8,8,Benign
5416292,5,5,Benign
1456234,8,7,Benign
28065454,2,1,Benign
4138387,5,3,Benign
2498,2,0,Benign
3857870,11,7,Benign
3185736,3,3,Benign
12267,1,1,Benign
9936,3,4,Botnet
4103052,5,3,Benign
85993758,2,0,Benign
5193702,12,11,Benign
10113,3,4,Botnet
43841,3,0,DoS-Hulk
10581625,10,9,Benign
1663071,8,7,Benign
7573492,13,8,Benign
75503847,10,8,Benign
50300,2,2,Benign
115858822,20,15,Benign
84499151,7,5,DoS-Hulk
53916,3,1,Benign
78671,2,2,Benign
1502246,3,4,DDoS-LOIC-HTTP
4632019,8,7,Benign
110178889,12,12,Benign
186394,0,2,Benign
244936,3,4,Benign
54112062,2,0,Benign
30043647,2,0,DDoS-LOIC-HTTP
1407544,3,4,DDoS-LOIC-HTTP
15565653,203,372,Benign
7682,12,1,Benign
5141759,6,4,Benign
6463210,10,12,Benign
116639549,21,20,Benign
65413,1,1,Benign
1587331,3,4,DDoS-LOIC-HTTP
4922138,2,0,Benign
1831934,5,0,DDoS
55204656,2,0,Benign
24401,2,2,Benign
106411,4,0,DDoS-UDP
305603,2,2,Benign
27852,3,4,DDoS-HOIC
118341451,16,15,Benign
4210044,5,3,Benign
3568899,11,7,Benign
57,3,1,Benign
4000293,14,8,Benign
60976,1,1,Benign
112641699,3,0,Benign
2223761,10,9,Benign
309,3,0,Benign
1037,1,1,Benign
1132,5,2,Benign
1124,5,2,Benign
16661,5,2,Benign
847384,7,5,Benign
477,1,1,Benign
631,3,4,Benign
212727,16,13,Benign
1346,5,2,Benign
5009278,5,3,Benign
310323,17,16,Benign
1427977,3,4,DDoS-LOIC-HTTP
11221537,2,0,DDoS-LOIC-HTTP
111386994,21,20,Benign
27835382,6,7,Benign
2393,3,4,DDoS-HOIC
64260,2,2,Benign
5398111,5,3,Benign
36921,1,1,Benign
347,1,1,Benign
42396,9,7,Benign
2068,1,1,Benign
491724,4,3,Benign
54124985,2,0,Benign
2106,3,4,DDoS-HOIC
1400441,8,7,Benign
44847622,3,3,Benign
355615,5,0,Benign
8994,3,4,DDoS-HOIC
11566,3,4,Botnet
1224,5,2,Benign
116841909,23,20,Benign
7265695,2,8,Benign
16708,3,6,DDoS
30,1,1,Benign
81271027,7,10,Benign
1462,1,1,Benign
83342205,5,6,DoS-Hulk
736455,6,5,Benign
5559142,3,1,Benign
11001,3,0,Benign
16592,1,1,Benign
86017837,2,0,Benign
146949,1,1,Benign
1249,5,2,Benign
5804110,9,7,Benign
110,2,0,Benign
877157,3,4,DDoS-LOIC-HTTP
1401,5,2,Benign
4236916,5,3,Benign
52839897,5,1,Benign
295,3,0,Benign
35256589,4,0,Benign
116359210,33,33,Benign
25568,1,1,Benign
34796,5,2,Benign
18375,5,2,Benign
2118,3,4,DDoS-HOIC
33133022,2,0,DDoS-LOIC-HTTP
903,1,1,Benign
50441,1,1,Benign
4020461,14,9,Benign
61947965,19,19,Benign
31978,1,1,Benign
361212,22,20,Bruteforce-SSH
35686125,6,0,DDoS-UDPLag
85026275,1,1,Benign
705178,2,0,Benign
30804,2,2,Benign
16241,1,1,Benign
88348178,27,38,Benign
1088,5,2,Benign
12610,1,1,Benign
863,3,4,Benign
62,2,1,Benign
115766195,31,28,Benign
1532605,3,4,DDoS-LOIC-HTTP
1322245,7,5,Benign
63,1,1,Benign
4156703,14,8,Benign
36599929,2,0,DDoS-LOIC-HTTP
198,3,0,Benign
1191,2,1,Benign
48240,3,4,Benign
2622956,10,8,Benign
67,2,1,Benign
1481985,3,4,DDoS-LOIC-HTTP
3852397,2,0,DDoS-LOIC-HTTP
38081503,2,0,DDoS-LOIC-HTTP
8648738,2,0,DDoS-LOIC-HTTP
138340,5,3,DoS-Goldeneye
216729,6,0,DDoS-UDP
86160961,2,0,Benign
53284493,2,0,Benign
4175509,14,8,Benign
60940144,14,14,Benign
63242,2,2,Benign
3074180,10,8,Benign
3005201,4,0,DDoS-TFTP
82920,1,1,Benign
154951,10,7,Benign
73963,4,1,Benign
125,3,1,Benign
12049,3,4,Botnet
15921,5,2,Benign
5866251,5,4,Benign
10790,3,4,Botnet
206,2,2,Benign
115931789,23,23,Benign
926158,2,0,Benign
60738206,27,24,Benign
613509,2,1,Benign
22,1,1,Benign
3167203,2,6,Benign
116688300,18,20,Infiltration
6835,3,4,DDoS-HOIC
115283353,20,18,Benign
112204,9,7,Benign
12492859,2,0,DDoS-LOIC-HTTP
16150,3,4,Botnet
33562532,5,4,Benign
5249671,10,9,Benign
2334158,10,9,Benign
117094554,16,15,Benign
1636163,8,7,Benign
32742298,2,0,DDoS-LOIC-HTTP
10572,0,2,Benign
597737,9,8,Benign
340654,10,15,Benign
2208,1,1,Benign
390,3,1,Benign
116505045,35,81,Benign
170,2,2,Benign
54338849,2,0,Benign
34,1,2,Benign
157,2,2,Benign
1436132,3,4,DDoS-LOIC-HTTP
3047699,3,0,DoS-Slowloris
171,2,0,Benign
236107,2,2,Benign
14606,1,1,Benign
94130,3,4,DDoS-LOIC-HTTP
55,1,1,Benign
60438,1,1,Benign
31362,2,2,Benign
115797617,18,15,Benign
62,1,1,Benign
30571,1,1,Benign
16158,2,0,Benign
21665,2,2,Benign
1355874,3,4,DDoS-LOIC-HTTP
82569,2,2,Benign
99999425,2,2,DoS-Slowloris
486,3,0,Benign
61176324,14,14,Benign
3907788,14,7,Benign
4253377,5,3,Benign
152597,3,0,DoS-Hulk
11277,3,4,Botnet
60401370,14,13,Benign
54154,1,1,Benign
272,3,0,Benign
17283,1,1,Benign
1147360,8,7,Benign
1557631,7,5,Benign
20643948,10,12,Benign
99045745,8,6,DoS-Hulk
21,1,1,Benign
1713,3,4,DDoS-HOIC
13234,3,4,Botnet
15476789,7,6,Benign
119999653,4,2,Benign
1909509,8,7,Benign
22,1,1,Benign
117576561,19,19,Benign
61060,2,2,Benign
44459,1,1,Benign
117543848,13,12,Benign
61312,3,5,DDoS
64753667,11,9,Benign
42123860,14,11,Benign
2311561,8,7,Benign
240,1,1,Benign
27348,3,4,DoS-Hulk
54580475,2,0,Benign
2388384,8,7,Benign
99480,2,2,Benign
17180249,2,0,DDoS-LOIC-HTTP
1909298,8,7,Benign
2927963,8,7,Benign
1867,1,1,Benign
3020509,9,29,Benign
78416783,6,9,Benign
4204226,5,3,Benign
169247,3,1,Benign
53589139,2,0,Benign
116374761,22,21,Benign
15232,5,2,Benign
94876,1,1,Benign
130,2,0,Benign
32196,2,2,Benign
98441949,5,9,Benign
86321251,2,0,Benign
24059546,3,5,Benign
5595633,4,4,Benign
317,1,1,Benign
4432798,13,8,Benign
4836886,2,0,Benign
117580668,18,16,Benign
2177184,8,7,Benign
6204149,9,6,Benign
56677,3,0,DoS-Hulk
119092941,100,120,Benign
265,2,2,Benign
3002837,4,0,DDoS-TFTP
6054071,4,4,Benign
1557055,3,0,Benign
47645,1,1,Benign
1,2,0,DDoS-MSSQL
276668,2,2,Benign
9749663,2,0,DDoS-LOIC-HTTP
9756,3,4,Botnet
205879,3,1,Benign
213321,4,1,Benign
86024373,2,0,Benign
1060,5,2,Benign
105277,4,0,DDoS-UDP
10674,3,4,Botnet
84477,9,12,Benign
1761151,8,7,Benign
2183221,8,7,Benign
80755,2,2,Benign
12544,1,1,Benign
591,1,1,Benign
249559,26,37,Benign
23510,1,1,Benign
10581,3,4,Botnet
37,2,0,Benign
117954955,15,15,Benign
114612620,87,660,Benign
53448451,5,1,Benign
1022732,6,6,Benign
4060917,10,13,Benign
228,2,2,Benign
1155975,6,5,Benign
514564,2,2,Benign
4312355,5,3,Benign
86204207,2,0,Benign
37337,3,4,DDoS
4038463,14,8,Benign
36830,1,1,Benign
6532083,11,7,Benign
784,3,4,Benign
175092,1,1,Benign
366,3,0,Benign
4999702,10,8,Benign
86220009,2,0,Benign
4182556,4,5,Benign
86309092,2,0,Benign
4024266,14,8,Benign
1488755,8,8,Benign
11714,1,1,Benign
24839584,4,3,Benign
9453,3,4,DDoS-HOIC
95466,4,2,Benign
233359,3,1,Benign
10554,3,4,DDoS-HOIC
1723,5,2,Benign
341855,8,7,Benign
4280525,5,3,Benign
704348,3,4,DDoS-LOIC-HTTP
4985825,28,20,Benign
273350,3,1,Benign
98803181,6,6,DoS-Hulk
367485,7,6,Benign
1967457,2,0,DoS-Goldeneye
237,2,2,Benign
8780,3,4,Botnet
4071691,13,8,Benign
3001495,4,0,DDoS-TFTP
271,1,1,Benign
11678095,8,5,DoS-Goldeneye
3388415,2,0,DDoS-LOIC-HTTP
1253,1,1,Benign
48049,2,2,Benign
47198,3,4,Benign
2910981,2,2,Benign
3439,2,0,DoS-Hulk
15225,1,1,Benign
37447,4,2,Benign
1161859,3,4,DDoS-LOIC-HTTP
290,1,1,Benign
1223,5,2,Benign
7935608,7,5,Benign
179026,10,5,Benign
2586454,9,8,Benign
152066,3,1,Benign
148,2,2,Benign
5001943,4,4,DoS-Goldeneye
163,2,2,Benign
54714151,2,0,Benign
1281099,3,4,DDoS-LOIC-HTTP
5751030,6,4,Benign
5001176,7,5,DoS-Goldeneye
7782786,10,7,Benign
923,1,1,Benign
117674673,38,58,Benign
182590,8,7,Benign
1052131,3,4,DDoS-LOIC-HTTP
22893463,2,0,DDoS-LOIC-HTTP
60589901,13,12,Benign
646,1,1,Benign
1538,5,2,Benign
1122,1,1,Benign
1422594,8,7,Benign
115447776,20,17,Benign
49022765,2,2,Benign
52038022,2,0,Benign
7777,3,4,DDoS-HOIC
16223626,2,0,DDoS-LOIC-HTTP
201,2,2,Benign
482455,9,5,Benign
9003562,8,0,DDoS-TFTP
1670229,8,7,Benign
31613389,2,0,DDoS-LOIC-HTTP
2875650,10,7,Benign
64705019,7,2,Benign
1380822,3,4,DDoS-LOIC-HTTP
98479713,6,6,DoS-Hulk
100242810,7,8,Benign
914906,9,7,Benign
2999890,4,0,DDoS-TFTP
24703,0,2,Benign
272,3,0,Benign
23466,1,1,Benign
20654914,6,8,Benign
4539255,4,5,Benign
1116,3,4,Benign
5012643,20,35,Benign
55352,2,0,DoS-Hulk
73786,2,2,Benign
43988,1,1,Benign
3003506,4,0,DDoS-TFTP
359,3,0,Benign
117549920,19,22,Benign
20229,1,1,Benign
5750068,8,7,Benign
54208708,2,0,Benign
86296094,2,0,Benign
10984,3,4,Botnet
1777,1,1,Benign
32,1,1,Benign
246948,3,1,Benign
54477872,2,0,Benign
10009,3,4,DDoS-HOIC
123028,2,2,Benign
2038995,5,0,DDoS
76325,8,6,Benign
18245,1,1,Benign
47148,2,2,Benign
3579953,10,8,Benign
6415431,5,2,Benign
4093707,14,9,Benign
27,1,1,Benign
12711,3,4,Botnet
121572,2,2,Benign
112640711,3,0,Benign
82592,2,2,Benign
95,1,1,Benign
1723026,2,0,DDoS-LOIC-HTTP
1204,5,2,Benign
99954,1,1,Benign
9104183,3,0,Benign
494985,6,7,Benign
1760,1,1,Benign
16329,3,0,Benign
115661651,16,14,Benign
570140,6,5,Benign
1702499,8,7,Benign
56156,9,7,Benign
9129,2,1,Benign
5015211,4,4,DoS-Goldeneye
1028,1,1,Benign
89,4,0,Benign
401,1,1,Benign
1435,5,2,Benign
748,58,0,DDoS-NTP
5312613,6,4,Benign
1019,1,1,Benign
326,1,1,Benign
68925,2,1,Benign
118273924,13,12,Benign
5012288,3,1,Webattack-bruteforce
687579,3,2,Benign
13313,1,1,Benign
43,3,0,Benign
371,3,0,Benign
994,3,4,Benign
22421,5,2,Benign
4330416,5,3,Benign
32321,2,2,Benign
48245612,74,111,Benign
100291659,6,7,DoS-Hulk
185181,17,18,Benign
110107396,424,5725,Benign
172,2,2,Benign
403722,9,6,Benign
86015240,2,0,Benign
24458,2,2,Benign
2999746,4,0,DDoS-TFTP
3000269,2,0,Benign
1676396,3,4,DDoS-LOIC-HTTP
30541756,2,0,DDoS-LOIC-HTTP
14946992,378,595,Benign
2449,1,1,Benign
126828,2,2,Benign
377554,24,20,Bruteforce-SSH
20869,2,2,Benign
15173,1,1,Benign
77528,1,1,Benign
115230,1,1,Benign
989,3,4,Benign
61198,1,1,Benign
536,1,1,Benign
169704,2,0,Benign
734,2,0,Benign
3882534,11,7,Benign
17611,2,2,Benign
99587802,6,8,DoS-Hulk
4106522,14,8,Benign
23142,2,0,DoS-Hulk
7237,5,2,Benign
5966487,4,4,Benign
132,3,1,Benign
32219,2,2,Benign
45514,2,2,Benign
3937293,1,1,Benign
4679854,15,9,Benign
5139283,9,7,Benign
203270,5,2,Infiltration
274,4,0,Benign
39093,2,2,Benign
86289515,2,0,Benign
216,2,0,Benign
225,3,0,Benign
62878,5,6,Benign
79268,3,4,DoS-Hulk
60902,1,1,Benign
117549472,20,16,Benign
178,2,0,Benign
116891647,14,13,Benign
4184231,13,9,Benign
1971937,8,7,Benign
397,3,0,Benign
45779,2,2,Benign
115410127,22,19,Benign
1860803,10,8,Benign
205,2,2,Benign
5428180,3,1,Benign
513,3,4,Benign
7047,2,0,DoS-Hulk
3001141,4,0,DDoS-TFTP
10489388,12,13,Benign
41169,1,1,Benign
6092,5,2,Benign
21144528,2,0,DDoS-LOIC-HTTP
866,1,1,Benign
59722,9,8,Benign
359,50,0,DDoS-NTP
4284708,5,5,Benign
193,3,0,Benign
15751,5,2,Benign
2073983,4,0,DDoS
1216,5,2,Benign
3769807,2,0,DDoS-LOIC-HTTP
20,1,1,Benign
36699,1,1,Benign
1559367,3,4,DDoS-LOIC-HTTP
88184263,8,6,DDoS
2532,5,2,Benign
1674,3,4,Benign
686,1,1,Benign
342,1,1,Benign
2945133,8,8,Benign
115666656,18,17,Benign
350680,9,8,Benign
1947357,8,7,Benign
911,3,4,Benign
93372043,2,2,Benign
34,3,1,Benign
60101247,8,6,Benign
55138875,7,6,Benign
64036470,2,2,Benign
364,1,1,Benign
17303,2,0,Benign
10874,2,0,DDoS-HOIC
67349,2,2,Benign
112638480,3,0,Benign
13940,3,4,DoS-Hulk
672,1,1,Benign
1643064,8,7,Benign
98484010,6,6,DoS-Hulk
740013,7,5,Benign
1486,5,2,Benign
3275979,2,0,DoS-Slowhttptest
1075,1,1,Infiltration
4120332,13,9,Benign
65734139,26,228,Benign
16170,5,2,Benign
10116735,15,10,Benign
86151894,2,0,Benign
10927,3,4,DDoS-HOIC
65110997,2,2,Benign
1490,5,2,Benign
65085207,14,18,Benign
1269,3,0,Benign
6736,3,4,DDoS-HOIC
180,8,0,DDoS-NTP
764,3,0,Benign
431092,5,2,Benign
4306506,5,3,Benign
30812,2,2,Benign
1851259,8,7,Benign
24462,1,1,Benign
3931,136,0,DDoS-NTP
101036638,3,3,Benign
115980048,16,14,Benign
1137,5,2,Benign
346547,10,5,Benign
33852,2,0,Benign
17536,5,2,Benign
1601126,2,5,Benign
17136,2,0,DoS-Hulk
86095747,2,0,Benign
120436,3,5,Benign
74873,3,0,DoS-Hulk
1642853,8,7,Benign
27779,2,2,Benign
2175303,8,7,Benign
66756,2,2,Benign
54637153,2,0,Benign
61,1,1,Benign
112639635,3,0,Benign
413856,2,0,Benign
809,1,1,Benign
953,1,1,Benign
97909922,8,4,DDoS
4310681,5,4,Benign
16964,5,2,Benign
378483,25,20,Bruteforce-SSH
136877,3,1,Benign
4472581,10,7,Benign
100091938,4,4,Benign
1143,1,1,Benign
526,1,1,Benign
54115,2,2,Benign
77375,2,2,Benign
32610,2,2,Benign
14369,3,4,DDoS-HOIC
6781114,11,12,Benign
99831647,6,7,DoS-Hulk
134753,1,1,Benign
796,3,4,Benign
88488477,2,0,Benign
8999998,8,0,DDoS-TFTP
107003,0,2,Benign
53985701,2,0,Benign
117345233,20,16,Benign
1399770,8,7,Benign
4353920,5,3,Benign
5137331,3,1,Benign
4223858,5,3,Benign
42087421,15,17,Benign
4894581,11,7,Benign
10795,5,2,Botnet
40259945,2,0,DDoS-LOIC-HTTP
1386219,3,4,DDoS-LOIC-HTTP
113970322,220,336,Benign
885017,6,0,DDoS
1190872,8,7,Benign
13974680,2,0,DDoS-LOIC-HTTP
100027880,6,8,DoS-Hulk
288850,3,1,Benign
321643,22,22,Bruteforce-SSH
18221,1,1,Benign
6216560,4,4,Benign
43197,1,1,Benign
381,1,1,Benign
3145,1,1,Benign
24028224,2,0,DDoS-LOIC-HTTP
4005957,11,7,Benign
5887778,4,0,DDoS
261065,2,0,Benign
1214,5,2,Benign
5891457,8,5,Benign
25591904,2,0,DDoS-LOIC-HTTP
1151,5,2,Benign
1189,5,2,Benign
93945,2,2,Benign
272,2,2,Benign
26038581,2,0,DDoS-LOIC-HTTP
142446,5,5,Benign
5423088,5,3,Benign
1334330,6,5,Benign
2460161,11,7,Benign
1031,1,1,Benign
1791864,9,7,Benign
448379,6,8,Benign
2035858,8,7,Benign
112,2,2,DDoS-Syn
108047601,14,3,DoS-Slowloris
115903504,18,16,Benign
33723,4,4,Benign
2582,1,1,Benign
2999857,4,0,DDoS-TFTP
112403278,36,55,Benign
78,3,1,Benign
187,10,0,DDoS-NTP
116047057,17,15,Benign
116123308,29,25,Benign
162253,3,1,Benign
6394,2,0,Benign
86296400,2,0,Benign
115153028,21,19,Benign
14255,3,4,DDoS-HOIC
53706780,2,0,Benign
976,1,1,Benign
1931,2,0,DoS-Hulk
4493762,5,3,Benign
60397,2,2,Benign
4074742,14,8,Benign
4957,3,1,Benign
770,1,1,Benign
86199744,2,0,Benign
2599748,10,7,Benign
60984,1,1,Benign
1207,5,2,Benign
62645330,12,14,Benign
931871,3,4,DDoS-LOIC-HTTP
1178,5,2,Benign
638,1,1,Benign
85205277,6,6,DoS-Hulk
112,1,1,Benign
96174009,16,17,Benign
21599,3,1,Benign
1200105,2,0,Benign
3986201,8,6,Benign
863,3,4,Benign
34563518,9,10,Benign
11303,3,4,Botnet
13660,1,1,Benign
1692425,8,7,Benign
31847,1,1,Benign
1130368,8,7,Benign
3,1,1,Benign
364737,22,22,Bruteforce-SSH
112637940,3,0,Benign
1038,1,1,Benign
1372,1,1,Benign
60561,1,1,Benign
19502540,2,0,DDoS-LOIC-HTTP
137063,9,9,Benign
1342938,4,0,DDoS
98,3,1,Benign
53507141,12,8,DDoS-Syn
115872075,24,21,Benign
60599328,14,14,Benign
3000091,4,0,DDoS-TFTP
5837166,16,12,Benign
10638,3,4,Botnet
361,2,2,Benign
22176,1,1,Benign
2900322,9,7,Benign
42858938,2,0,DDoS-LOIC-HTTP
86363615,2,0,Benign
30920,2,2,Benign
7776269,2,0,DDoS-LOIC-HTTP
14792,1,1,Benign
3423932,5,0,DDoS
47868,1,1,Benign
99323000,9,6,DoS-Hulk
23724,2,2,Benign
5281496,4,4,Benign
1987971,8,7,Benign
1876531,8,7,Benign
14319,5,2,Benign
112635498,3,0,Benign
8016,5,2,Benign
1677346,8,7,Benign
799873,3,4,DDoS-LOIC-HTTP
936734,6,5,Benign
86153628,2,0,Benign
40408698,2,0,DDoS-LOIC-HTTP
10669,3,4,DDoS-HOIC
1768,1,1,Benign
247941,2,3,Benign
31018,1,1,Benign
37120271,2,0,DDoS-LOIC-HTTP
1197,5,2,Benign
3547619,8,7,Benign
1653826,3,4,DDoS-LOIC-HTTP
98389,8,6,Benign
1145,5,2,Benign
37176,1,1,Benign
60485370,15,16,Benign
51937799,82,145,Benign
109757,2,2,Benign
931,3,4,Benign
2195,1,1,Benign
1610296,3,6,DDoS
137,1,1,Benign
112638013,3,0,Benign
85920900,2,0,Benign
23259258,2,0,DDoS-LOIC-HTTP
30926,3,4,Botnet
2101284,8,7,Benign
2795717,4,0,DDoS-Syn
88118932,2,0,Benign
458,2,0,Benign
31898997,2,0,DDoS-LOIC-HTTP
10113411,1,6,Benign
80,1,1,Benign
368356,24,22,Bruteforce-SSH
16316,2,0,Benign
599,1,1,Benign
32777,2,0,DoS-Hulk
48,1,1,Benign
3919809,14,8,Benign
116417235,18,15,Benign
91186606,4,4,Benign
1004432,11,5,Benign
24389,4,4,Benign
10653,3,4,Botnet
227,3,0,Benign
5618936,10,7,Benign
869,3,4,Benign
30742,3,4,DDoS-HOIC
86243751,2,0,Benign
190,2,2,Benign
150,2,0,Benign
1142593,3,4,DDoS-LOIC-HTTP
145055,18,25,Benign
4270997,5,3,Benign
92271566,22,13,Benign
33840424,15,20,Benign
297,2,2,Benign
41243,2,2,Infiltration
61055747,15,15,Benign
405,3,0,Benign
11109,3,4,Botnet
14184,5,2,Benign
36981,2,2,Benign
14706,3,4,DDoS-HOIC
35061,1,1,Benign
10844875,8,13,Benign
1528391,3,0,Benign
60144402,9,7,Benign
86186442,2,0,Benign
82741803,7,9,Benign
100851729,10,6,DoS-Hulk
115450830,17,15,Benign
4543970,14,8,Benign
160700,4,4,Benign
5896346,4,4,Benign
9973885,5,0,DDoS
41728,0,2,Benign
2298247,8,7,Benign
4226321,5,3,Benign
4054791,14,8,Benign
1273,5,2,Benign
117401129,21,18,Benign
3142458,4,0,DDoS-TFTP
110200,2,2,Benign
80150,2,2,Benign
312546,8,7,Benign
176,2,0,Benign
37796174,2,0,DDoS-LOIC-HTTP
25137,1,1,Benign
185709,2,2,Benign
4270128,5,3,Benign
13162,3,0,Benign
86190913,2,0,Benign
8949,3,4,Botnet
5411412,5,3,Benign
136714,2,2,Benign
168693,3,1,Benign
120,1,1,Benign
6598,3,1,Benign
114728957,63,0,Benign
24906,2,2,DoS-Hulk
117552168,24,19,Benign
8111,3,4,DDoS-HOIC
53810721,2,0,Benign
170,1,1,Benign
31533,1,1,Benign
33841,1,1,Benign
83535208,5,7,DoS-Hulk
51762,2,2,Benign
1744923,35,19,Benign
5294139,5,3,Benign
1244456,3,4,DDoS-LOIC-HTTP
4757887,5,3,Benign
972,2,2,Benign
75508020,3,3,Benign
112638090,3,0,Benign
115494568,51,77,Benign
5744264,8,5,Benign
3388993,9,7,Benign
88897,3,1,Benign
794937,7,5,Benign
1271833,3,4,DDoS-LOIC-HTTP
243786,39,57,Benign
53733948,2,0,Benign
228,2,2,Benign
38654,2,2,Benign
1586847,3,4,DDoS-LOIC-HTTP
240,2,2,Benign
1308083,3,4,DDoS-LOIC-HTTP
731270,7,5,Benign
58714,3,0,DoS-Hulk
103,1,1,Benign
75527246,19,20,Benign
98322893,7,7,DoS-Hulk
91185,3,5,DDoS
75140074,23,23,Benign
29363,2,2,Benign
6674,5,2,Benign
177261,3,4,Benign
387130,23,22,Bruteforce-SSH
34308251,6,2,DDoS-Syn
47744,3,4,Benign
35001,2,0,Benign
172251,2,2,Benign
607,3,0,Benign
86179872,2,0,Benign
1154,5,2,Benign
346237,2,2,Benign
116057396,16,15,Benign
4204249,5,3,Benign
266610,2,2,Benign
48697,1,1,Benign
4868947,9,11,Benign
19160100,2,0,DDoS-LOIC-HTTP
8999710,8,0,DDoS-TFTP
1337090,5,0,DDoS
15914229,8,9,Benign
197,2,2,Benign
4394037,5,3,Benign
452,2,0,Benign
289214,2,2,Benign
1980712,8,7,Benign
1707806,3,4,DDoS-LOIC-HTTP
1334,1,1,Benign
3331046,11,7,Benign
54063204,2,0,Benign
89170,1,1,Benign
88362225,2,0,Benign
32004,2,2,Benign
380366,5,2,Benign
17566142,2,0,DDoS-LOIC-HTTP
65,2,0,Benign
4111236,5,3,Benign
116366787,64,80,Benign
206,2,1,Benign
5095516,3,1,Benign
1299,1,1,Benign
97575428,9,6,DoS-Hulk
50086,3,0,DoS-Hulk
5852279,4,4,Benign
164,2,2,Benign
11,1,1,Benign
1188198,3,4,DDoS-LOIC-HTTP
116856850,18,16,Benign
655822,4,0,Infiltration
5586482,5,3,Benign
1123,1,1,Benign
119200699,21,19,Benign
117452160,15,12,Benign
966,1,1,Benign
2899036,2,1,Benign
88282601,2,0,Benign
16127,5,2,Benign
167829,9,8,Benign
15331384,2,0,DDoS-LOIC-HTTP
4186681,5,3,Benign
98400,1,1,Benign
641469,5,4,Benign
107467,2,2,Benign
5304881,4,4,Benign
189,2,2,Benign
95,2,0,Benign
1395395,8,7,Infiltration
5060296,9,8,Benign
86176756,2,0,Benign
33436,1,1,Benign
51887,2,2,Benign
117983,2,2,Benign
118529939,34,37,Benign
572175,6,5,Benign
86157656,2,0,Benign
1467828,3,3,Benign
61049048,5,4,Benign
3117183,11,7,Benign
4095988,5,3,Benign
26922,1,1,Benign
1637664,8,7,Benign
872,3,4,Benign
134,4,0,DDoS-NTP
32713,2,2,Benign
118107464,16,16,Benign
4316041,5,3,Benign
1157,3,0,Benign
1065619,3,4,DDoS-LOIC-HTTP
86013511,2,0,Benign
4025628,5,3,Benign
108992620,2,2,Benign
98376828,8,6,DoS-Hulk
220,2,2,Benign
9218433,4,0,Benign
915,3,4,Benign
35470,3,4,Benign
117308208,21,18,Benign
85848450,10,6,DoS-Hulk
60380,2,2,Benign
60,3,1,Benign
53812319,2,0,Benign
5485530,4,4,Benign
24410540,2,0,DDoS-LOIC-HTTP
3000047,4,0,DDoS-TFTP
12422325,2,0,DDoS-LOIC-HTTP
1583974,3,4,DDoS-LOIC-HTTP
2111958,8,7,Benign
86221519,2,0,Benign
94011,1,1,Benign
6052934,4,4,Benign
5234,3,4,Benign
7251,5,2,Benign
60997556,2,0,Benign
85759932,9,6,DoS-Hulk
107058785,15,3,DoS-Slowloris
15913970,2,0,DoS-Goldeneye
306781,3,1,Benign
36940,1,1,Benign
262732,10,7,Benign
17784,1,1,Benign
1269315,3,4,DDoS-LOIC-HTTP
681,1,1,Benign
5105392,5,4,Benign
4381900,5,3,Benign
117935217,16,14,Benign
1327,1,1,Benign
30657,1,1,Benign
71467,2,2,Benign
27627200,2,0,DDoS-LOIC-HTTP
16961889,11,8,Benign
48,2,1,Benign
6080337,4,4,Benign
263989,9,5,Benign
897,3,4,Benign
27416,1,1,Benign
1488028,3,4,DDoS-LOIC-HTTP
10554631,2,0,DDoS-LOIC-HTTP
51270,3,0,DoS-Hulk
5734945,4,4,Benign
85919971,2,0,Benign
4309746,5,3,Benign
754913,3,4,DDoS-LOIC-HTTP
4163210,5,3,Benign
32460316,2,0,DDoS-LOIC-HTTP
8297,5,2,Benign
65,1,1,Benign
262961,2,0,Benign
71073,4,3,Botnet
371,1,1,Benign
5509539,3,1,Benign
62091,1,1,Benign
47510,1,1,Benign
6738268,11,12,Benign
11967674,5,0,DDoS
5257017,5,4,Benign
703,1,1,Benign
1444402,3,4,DDoS-LOIC-HTTP
149050,2,0,Benign
110965340,36,36,Benign
1532826,3,4,DDoS-LOIC-HTTP
8183859,8,6,Benign
10480,0,2,Benign
36816,1,1,Benign
52727,3,0,DoS-Hulk
75473,2,2,Benign
4375929,5,3,Benign
1033,1,1,Benign
54352284,2,0,Benign
6727,3,4,DDoS-HOIC
844,1,1,Benign
629,28,0,DDoS-NTP
4155430,5,3,Benign
389238,22,21,Bruteforce-SSH
41124,2,2,Benign
112640202,3,0,Benign
61621,1,1,Benign
28366,3,1,Benign
35359820,2,0,DDoS-LOIC-HTTP
6290390,4,4,Benign
89288,8,8,Benign
6028057,4,2,Benign
22682998,2,0,DDoS-LOIC-HTTP
3197652,5,3,Benign
4459141,5,3,Benign
1377735,3,4,DDoS-LOIC-HTTP
1019487,6,5,Benign
88087406,2,0,Benign
1826,1,1,Benign
39640,2,2,Benign
195,1,2,Benign
149,2,2,Benign
41649,4,2,Benign
4923963,10,7,Benign
1684965,8,7,Benign
117368969,31,53,Benign
70122642,2,2,Benign
61,1,1,Benign
1857069,3,4,DDoS-LOIC-HTTP
1660814,8,7,Benign
923,1,1,Benign
18638,1,1,Benign
19709,1,1,Benign
84585867,19,16,Benign
1284,1,1,Benign
307,3,0,Benign
1186471,3,4,DDoS-LOIC-HTTP
2149322,8,7,Benign
21022676,2,5,Infiltration
491131,4,7,Benign
2754025,8,7,Benign
71,2,0,Benign
48,2,0,DDoS-UDP
4276357,4,5,DoS-Hulk
118012803,2,2,DoS-Slowloris
1695321,3,4,DDoS-LOIC-HTTP
2,2,0,DDoS-MSSQL
33699723,2,0,DDoS-LOIC-HTTP
4967109,2,0,Benign
95557597,8,4,DDoS
234,2,2,Benign
110131585,14,16,Benign
36658,2,2,Benign
115380147,21,17,Benign
1182,5,2,Benign
90492743,5,6,Benign
728,3,4,Benign
4179417,5,3,Benign
86223526,2,0,Benign
213970,3,1,Benign
2152028,8,7,Benign
927,3,4,Benign
118211323,38,57,Benign
6034201,9,14,Benign
2399976,2,0,Benign
112997527,2,1,Benign
64506093,5,4,Benign
1200883,3,4,DDoS-LOIC-HTTP
61070,2,0,DoS-Hulk
2003645,2,0,DDoS-LOIC-HTTP
6745,2,1,Benign
110526418,18,16,Benign
360,1,1,Benign
1004332,3,4,DDoS-LOIC-HTTP
366738,4,6,DoS-Hulk
21859,1,1,Benign
47,1,1,Benign
85987142,2,0,Benign
4252842,5,3,Benign
221,1,1,Benign
375835,24,20,Bruteforce-SSH
953618,7,5,Benign
98794,2,2,Benign
40,1,1,Benign
22,13,0,Benign
146,3,1,Benign
745,1,1,Benign
187210,5,2,Benign
102618915,7,6,Benign
61651,2,2,Benign
1273948,7,5,Benign
215,3,0,Benign
2075250,12,11,Benign
115685152,20,18,Benign
40923490,2,2,Benign
25153,1,2,Benign
112637164,3,0,Benign
2488487,10,7,Benign
45830,2,0,DoS-Hulk
3296323,8,9,Benign
3248830,9,10,Benign
1579133,8,7,Benign
14775,1,1,Benign
112636335,3,0,Benign
50661409,19,21,Benign
63083692,7,0,DoS-Slowhttptest
5721149,4,4,Benign
1652,1,1,Benign
1880722,9,7,Benign
215741,2,1,Benign
2999952,4,0,DDoS-TFTP
31474,2,2,Benign
4419057,5,3,Benign
34647,3,4,Benign
112640170,60,0,Benign
2959258,8,7,Benign
1301324,7,5,Benign
117195397,12,12,Benign
115965928,18,17,Benign
115741874,16,14,Benign
822074,17,27,Benign
5201813,4,4,Benign
142743,50,58,Benign
49554,1,1,Benign
78815,4,2,Benign
97846,9,7,Benign
29363673,2,0,DDoS-LOIC-HTTP
1888216,3,4,DDoS-LOIC-HTTP
9972752,4,0,DDoS
116466,3,1,Benign
88169048,2,0,Benign
225,2,2,Benign
56522572,2,0,DDoS-LOIC-HTTP
2155558,8,7,Benign
4070296,8,9,Benign
13068,1,1,Benign
224,2,2,Benign
954702,2,1,Benign
86033004,9,6,DoS-Hulk
8466882,2,0,DDoS-LOIC-HTTP
118410680,21,24,Benign
1623,3,4,DDoS-HOIC
190,2,0,Benign
4130,5,2,Benign
57439966,10,4,DDoS-Syn
118582586,10,12,Benign
1158,5,2,Benign
90810909,8,5,DDoS
86198691,2,0,Benign
4047485,14,8,Benign
119998386,22,64,Benign
20441,3,4,Botnet
15826121,10,9,Benign
2063383,1,5,Benign
173790,0,2,Benign
5340900,5,3,Benign
9368098,2,0,Benign
88035887,2,0,Benign
354,2,1,Benign
36,1,1,Benign
1060464,3,4,DDoS-LOIC-HTTP
262049,2,0,Benign
13899714,2,0,DDoS-LOIC-HTTP
60303314,9,7,Benign
67420985,67,40,Benign
1461879,10,7,Benign
248,2,1,Benign
14117,1,1,Benign
1609,5,2,Benign
11674,3,4,Botnet
1083729,6,5,Benign
85476275,9,5,DoS-Hulk
98226738,7,6,DoS-Hulk
2456957,4,0,DDoS-Syn
111489787,1624,2217,Benign
1570385,7,5,Benign
3901793,5,3,Benign
743,3,4,Benign
3108737,9,8,Benign
19483,2,1,Benign
65427262,15,14,Benign
5630317,2,0,DDoS-LOIC-HTTP
102542,7,5,Benign
9927112,9,15,Bruteforce-FTP
6000074,6,0,DDoS-TFTP
26253,1,1,Benign
11001,3,4,Botnet
21318524,50,72,Benign
5162,3,1,Benign
271,1,1,Benign
21305,3,4,Botnet
6812921,12,8,Benign
200,2,2,Benign
116052686,16,14,Infiltration
15693876,2,0,DDoS-LOIC-HTTP
572,3,0,Benign
194,2,2,Benign
2560301,8,7,Benign
42233489,138,251,Benign
60733480,15,15,Benign
86417592,2,0,Benign
118401799,14,16,Benign
23347,3,2,Benign
1668505,8,7,Benign
22989510,2,0,DDoS-LOIC-HTTP
4892,2,0,Benign
24296,3,4,DDoS-HOIC
11288,3,4,DDoS-HOIC
4718154,18,24,Benign
5243130,5,2,Benign
4326317,5,3,Benign
29952826,2,0,DDoS-LOIC-HTTP
59832,4,2,Benign
4290062,5,3,Benign
5398852,3,1,Benign
18,1,2,Benign
8941436,2,0,DoS-Goldeneye
5321054,5,3,Benign
172131,2,2,Benign
3757136,14,8,Benign
2300490,8,7,Benign
1254,1,1,Benign
4224360,5,3,Benign
1148094,6,5,Benign
98633013,10,7,DoS-Hulk
1567774,8,7,Benign
95707,3,0,DoS-Hulk
20900003,6,8,Benign
53785262,2,0,Benign
54604812,2,0,Benign
112638549,3,0,Benign
90165,2,2,Benign
24306,1,1,Benign
1131538,3,6,DDoS
1340,5,2,Benign
10119758,8,9,Benign
2643,1,1,Benign
43879636,2,0,DDoS-LOIC-HTTP
187,2,2,Benign
261471,6,6,Benign
1268,5,2,Benign
4120689,14,8,Benign
99664797,6,6,DoS-Hulk
13156,1,1,Benign
115944061,16,14,Benign
13203,1,1,Benign
40080,5,3,Benign
1565130,7,5,Benign
1125669,3,4,DDoS-LOIC-HTTP
39627,2,2,Benign
21668,3,1,Benign
4231670,5,4,Benign
10066666,5,0,DDoS
112639225,3,0,Benign
354942,22,20,Bruteforce-SSH
29,1,1,Benign
6555695,4,4,Benign
19,1,1,Benign
112638883,3,0,Benign
77177,1,1,Benign
200988,3,4,Benign
5732470,8,6,Benign
5284511,35,104,Benign
1515845,3,4,DDoS-LOIC-HTTP
54040348,2,0,Benign
164899,8,6,Benign
5056139,4,7,Benign
115531083,16,14,Benign
86827,2,4,Benign
45,1,2,Benign
91285,4,2,Benign
2298299,8,9,Infiltration
4086835,5,3,Benign
1030678,23,32,Benign
6396,2,1,Benign
387288,5,3,Benign
6188624,2,0,DoS-Goldeneye
9136241,2,2,Benign
118598551,21,23,Benign
20719,1,1,Benign
31552368,2,0,DDoS-LOIC-HTTP
9231,1,3,Benign
204,2,2,Benign
480,1,1,Benign
69,1,1,Benign
56544,1,3,Benign
116299270,28,28,Benign
118907229,12,13,Benign
249881,7,0,Benign
4005653,5,3,Benign
160,2,2,Benign
67808,2,3,Benign
1727,24,0,DDoS-NTP
8407243,11,12,Benign
3896,2,0,Benign
100,3,1,Benign
1928,5,2,Benign
251,3,0,Infiltration
22039401,2,0,DDoS-LOIC-HTTP
5154,5,2,Benign
3003993,4,0,DDoS-TFTP
116702020,22,19,Benign
2727363,8,7,Benign
1349,5,2,Benign
79087,3,0,DoS-Hulk
23294,1,2,Benign
115804289,16,26,Benign
117131882,14,13,Benign
25598128,2,0,DDoS-LOIC-HTTP
1949670,8,7,Benign
8969,2,1,Benign
999906,2,0,Benign
7334846,6,0,DDoS
1736,3,0,Benign
3000098,4,0,DDoS-TFTP
162,2,2,DDoS-Syn
49774,3,4,Benign
119820189,20,22,Benign
275,2,1,Benign
20632,2,2,Benign
9581868,2,0,DDoS-LOIC-HTTP
48852,3,0,DoS-Hulk
27267806,2,0,DDoS-LOIC-HTTP
38717665,2,0,DDoS-LOIC-HTTP
2999692,4,0,DDoS-TFTP
4374227,5,3,Benign
1312961,7,5,Benign
801605,3,4,DDoS-LOIC-HTTP
414115,9,10,Benign
4265111,5,3,Benign
375158,22,22,Bruteforce-SSH
3192,5,2,Benign
834,1,1,Benign
5285424,6,3,Benign
273,1,1,Benign
40336843,2,0,DDoS-LOIC-HTTP
242,2,2,Benign
30,2,2,Benign
933,3,4,Benign
6481610,12,7,Benign
1396483,8,7,Benign
10483,3,4,Botnet
10896,3,4,Botnet
215634,2,5,Benign
31067,2,2,Benign
1146,5,2,Benign
31837,2,0,DDoS-HOIC
1729521,3,4,DDoS-LOIC-HTTP
1329175,6,5,Benign
112635455,3,0,Benign
115370602,16,14,Benign
13905,3,4,DDoS-HOIC
1706420,8,7,Benign
3428353,4,5,Benign
5307016,3,1,Benign
11371,3,4,DDoS-HOIC
1393,5,2,Benign
6473008,4,4,Benign
3679,5,2,Benign
402,1,1,Benign
363969,22,22,Bruteforce-SSH
2654264,8,9,Benign
6125430,4,4,Benign
60317,1,1,Benign
54478175,8,0,DDoS-Syn
85228067,6,6,DoS-Hulk
313273,3,1,Benign
75904,4,2,Benign
947078,3,6,DDoS
1346135,3,4,DDoS-LOIC-HTTP
365582,10,6,Benign
900,3,4,Benign
4388659,5,4,Benign
217,3,0,Benign
83250826,12,12,Benign
98311842,6,7,DoS-Hulk
10840,0,2,Benign
11102,3,4,Botnet
65263994,18,16,Benign
6159482,8,7,Benign
531977,14,10,Benign
13470,1,1,Benign
112464457,23,26,Benign
112639462,3,0,Benign
14520,3,4,DDoS-HOIC
1138,1,1,Benign
78049,2,2,Benign
4021111,5,3,Benign
560,3,4,Benign
10989,3,4,Botnet
17743,1,1,Benign
3995201,9,7,Benign
23147,5,2,Benign
82227,2,2,Benign
53212894,2,0,Benign
99996757,6,6,DoS-Hulk
105757,2,2,Benign
145542,3,6,DoS-Hulk
5662,3,1,Benign
409,84,0,DDoS-NTP
9653,3,4,Botnet
300034,2,0,Benign
85149077,6,7,DoS-Hulk
112639584,3,0,Benign
172,2,2,DDoS-Syn
47693,3,4,Benign
4269159,5,3,Benign
1389768,3,4,DDoS-LOIC-HTTP
1646,3,0,Benign
2334812,12,7,Benign
4128289,11,7,Benign
947035,3,4,DDoS-LOIC-HTTP
5681556,4,4,Benign
31332,2,2,Benign
48,3,1,Benign
1183567,8,7,Benign
2586467,8,8,Benign
85471281,9,6,DoS-Hulk
1196,1,1,Benign
30377,1,1,Benign
156958,3,4,Benign
122782,9,7,Benign
231,2,2,Benign
21056,0,2,Benign
99799,9,12,Benign
1033,1,1,Benign
7164474,11,7,Benign
774595,6,5,Benign
48750025,8,2,DDoS-Syn
4331617,5,3,Benign
83,1,1,Benign
334,3,0,Benign
276,1,1,Benign
15626,3,4,DDoS-HOIC
63,1,1,Benign
3425249,10,7,Benign
5005597,3,8,Benign
57973,4,4,Benign
111973,3,1,Benign
421042,3,4,DDoS
146,2,1,Benign
86209690,2,0,Benign
1532696,11,12,Infiltration
1248,5,2,Benign
86633358,2,0,Benign
115835900,23,22,Benign
6096887,5,0,DDoS
989574,9,7,Benign
158882,2,2,Benign
3954097,14,8,Benign
31591,2,2,Benign
36771,1,1,Benign
3000533,4,0,DDoS-TFTP
63306,9,7,Benign
163627,2,2,Benign
86441808,2,0,Benign
843,3,4,Benign
31070052,3,1,Benign
21042,2,2,Benign
30986,1,1,Benign
1203943,3,7,DDoS
99671610,5,6,DoS-Hulk
88305304,2,0,Benign
42576570,2,0,DDoS-LOIC-HTTP
182,2,2,Benign
380695,22,22,Bruteforce-SSH
10106046,8,11,Benign
4201214,5,3,Benign
22737071,2,0,DDoS-LOIC-HTTP
9,1,1,Benign
-919011000000,81,0,Benign
934,3,4,Benign
30260,1,1,Benign
88054137,2,0,Benign
9027803,11,7,Benign
62081,2,2,Benign
181,3,1,Benign
1796012,2,2,Benign
53232351,2,0,Benign
31084,2,2,Benign
1026,3,4,Benign
410663,7,5,Benign
27452,2,2,Benign
174426,9,5,Benign
89297,9,7,Benign
115808877,19,22,Benign
300,3,0,Infiltration
1832765,8,7,Benign
121837,2,2,Benign
895,3,1,Benign
1423703,3,4,DDoS-LOIC-HTTP
246,2,0,Benign
1447767,3,4,DDoS-LOIC-HTTP
147,2,2,Benign
892,3,4,Benign
195905,15,9,Benign
1134,1,1,Benign
119296918,23,25,Benign
20720,2,2,Benign
26459,1,1,Benign
605510,14,16,Benign
117951604,18,19,Benign
1347,1,1,Benign
5673705,9,7,Benign
137120,8,6,Benign
21969427,2,0,DDoS-LOIC-HTTP
52491,3,0,DoS-Hulk
4439641,5,4,Benign
1460,1,1,Benign
78363179,6,9,Benign
231927,10,7,Benign
48212,1,1,Benign
20996757,2,0,DDoS-LOIC-HTTP
140,2,2,Benign
118390075,18,20,Benign
238379,2,2,Benign
5489785,4,4,Benign
56,1,1,Benign
54,3,1,Benign
5416435,5,4,Benign
21037161,2,0,DDoS-LOIC-HTTP
4315519,5,3,Benign
2760781,8,10,Benign
115406758,16,14,Benign
64966702,9,74,Benign
59591148,12,15,Benign
871,3,4,Benign
20357632,84,154,Benign
10280938,6,6,Benign
44,2,0,Benign
61724121,14,12,Benign
1105962,3,4,DDoS-LOIC-HTTP
193,3,0,Benign
1771189,10,7,Benign
86079295,2,0,Benign
1099,1,1,Benign
9,1,1,Infiltration
4299,3,4,DDoS-HOIC
117027243,16,15,Benign
1597861,9,7,Benign
9710,2,0,Benign
6860,5,2,Benign
2779936,5,3,Benign
4318358,5,3,Benign
27899,2,2,Infiltration
54140386,2,0,Benign
46081187,9,19,Benign
60463,2,2,Benign
440155,4,2,Benign
392739,22,22,Bruteforce-SSH
231877,13,7,Benign
20236,1,1,Infiltration
7247,3,4,DDoS-HOIC
382,2,2,Benign
115,2,1,Benign
111261040,28,55,Infiltration
99076717,6,5,DoS-Hulk
9499856,2,0,DDoS-LOIC-HTTP
150,2,2,Benign
10489,3,4,Botnet
27348,2,0,Benign
117135,2,2,Benign
1372,5,2,Benign
3984762,15,8,Benign
31293,4,2,Benign
39550175,4,0,DDoS-UDPLag
1286,5,2,Benign
115913337,17,15,Benign
1794611,10,7,Benign
100842793,7,7,DoS-Hulk
109966,9,9,Benign
3772,3,4,DDoS-HOIC
37857,2,2,Benign
93223,2,1,Benign
82119205,9,6,DoS-Hulk
100875378,13,13,Benign
24201,1,1,Benign
8495,3,4,DDoS-HOIC
147830,2,0,Benign
3001985,2,2,Benign
35,2,0,Benign
2006681,9,9,Benign
1850,1,1,Benign
87,1,1,Benign
118332086,13,12,Benign
1417,3,0,Benign
1034,2,0,Benign
1195,1,1,Benign
68083827,10,11,Benign
2542933,4,0,DDoS
24367,2,2,Benign
54052841,10,4,DDoS-Syn
61300399,17,18,Benign
19093,3,4,DDoS-HOIC
117725512,16,18,Benign
8923049,11,8,Benign
7348,5,2,Benign
54332073,2,0,Benign
265076,3,1,Benign
53868066,2,0,Benign
8462,2,0,DoS-Hulk
100089792,4,3,Benign
25830400,6,2,DDoS-UDPLag
61894345,2,1,Benign
86164352,2,0,Benign
93749,1,1,Benign
2332463,8,7,Benign
576,1,1,Benign
11614076,2,0,DDoS-LOIC-HTTP
10598,3,4,Botnet
32919512,2,0,DDoS-LOIC-HTTP
71158,3,0,DoS-Hulk
1426924,3,4,DDoS-LOIC-HTTP
324,3,0,Benign
32,1,1,Benign
1914454,8,7,Benign
4407262,5,3,Benign
1419,1,1,Benign
86021381,2,0,Benign
4528133,5,3,Benign
4233448,5,3,Benign
5406906,5,3,Benign
2305540,9,9,Benign
144919,3,1,Benign
1126,3,0,Benign
10285,3,4,Botnet
4510629,5,3,Benign
776162,2,2,Benign
453742,2,0,Benign
20991,3,4,Botnet
1269004,3,4,DDoS-LOIC-HTTP
12127,3,4,Botnet
17331,1,1,Benign
4097042,14,8,Benign
67721,1,1,Benign
11830,3,4,Botnet
86391791,2,0,Benign
200,2,0,Benign
31342,2,2,Benign
202,2,2,Benign
29222177,2,0,DDoS-LOIC-HTTP
3801729,10,12,Benign
316,2,2,Benign
5563062,10,11,Benign
12474,0,2,Benign
48603,3,4,Benign
2113,3,0,Benign
1690380,8,7,Infiltration
107246,4,0,DDoS-UDP
1563,5,2,Benign
7244053,5,6,Benign
26202,3,4,DDoS-HOIC
25261,1,1,Benign
26378,2,2,Benign
926,3,4,Benign
255,2,2,Benign
1197,5,2,Benign
63209553,10,2,DDoS-Syn
5144116,3,1,Benign
117213200,25,21,Benign
238,2,2,Benign
375,52,0,DDoS-NTP
1,2,0,DDoS-NetBIOS
1604,5,2,Benign
26177611,2,0,DDoS-LOIC-HTTP
8797,5,2,Benign
1236,5,2,Benign
240,2,2,Benign
6173,5,2,Benign
43732,3,4,Benign
92,1,2,Benign
228,2,2,Benign
38680799,15,6,Benign
117728706,16,16,Benign
1503,2,2,Benign
115217425,19,24,Benign
8864326,13,20,Benign
2066241,4,0,DDoS-TFTP
2066458,9,9,Benign
86121143,2,0,Benign
1528232,3,0,Benign
975,1,1,Benign
550,106,0,DDoS-NTP
1217,1,1,Benign
38,1,1,Benign
8,2,0,DDoS-DNS
46872,1,1,Benign
218230,2,0,Infiltration
4354504,5,3,Benign
3572,1,1,Benign
4345352,11,7,Benign
26182,2,0,DoS-Hulk
373065,23,20,Bruteforce-SSH
107609,5,3,DoS-Goldeneye
4288856,5,3,Benign
308,3,0,Benign
4219196,5,3,Benign
1168,1,1,Benign
607,3,4,Benign
3000331,4,0,DDoS-TFTP
20613,2,2,Benign
5133826,9,6,Benign
1392428,8,7,Benign
1889405,10,7,Benign
39486813,2,0,DDoS-LOIC-HTTP
37912,2,0,DoS-Hulk
105,2,1,Benign
80022071,1,2,DDoS-Slowloris
1241525,9,13,Benign
14128,5,2,Benign
47720,1,1,Benign
85229188,8,6,DoS-Hulk
445021,3,4,DDoS
1091,1,1,Benign
142907,4,5,Benign
61536,1,1,Benign
374946,24,20,Bruteforce-SSH
24123,2,2,Benign
4043711,5,3,Benign
38254,2,2,Benign
86245129,2,0,Benign
49,1,3,Benign
783,3,4,Benign
46077,2,2,Benign
6911,5,2,Benign
10290737,11,9,Benign
118209562,20,16,Benign
1292079,4,5,Benign
1062,1,1,Benign
60595832,14,11,Benign
13429616,2,0,DDoS-LOIC-HTTP
47642,3,1,Benign
648,1,1,Benign
820,3,4,Benign
60875937,15,15,Benign
207,2,2,Benign
3240988,10,7,Benign
30526,1,1,Benign
5649,3,4,DDoS-HOIC
20747,2,0,Benign
9187,3,4,Botnet
1193,5,2,Benign
277747,1,1,Benign
195,2,2,Benign
67482,3,0,DoS-Hulk
4607444,12,8,Benign
15164830,9,10,Benign
48436,1,1,Benign
11624,3,4,DDoS-HOIC
1553,166,0,DDoS-NTP
13669,3,4,DDoS-HOIC
30790,1,1,Benign
38933,2,2,Benign
54525,2,0,DoS-Hulk
50,2,0,Benign
587573,7,6,Benign
5177594,8,6,Benign
86,1,1,Benign
53,1,1,Benign
4151533,5,3,Benign
114892,2,2,Benign
1539,3,0,Benign
67494,2,2,Benign
42283,2,2,Benign
47505,4,2,Benign
27394,1,1,Infiltration
95811,0,3,Benign
2142451,10,7,Benign
6989020,5,3,DoS-Goldeneye
1094365,7,5,Benign
811517,3,4,DDoS-LOIC-HTTP
399128,8,7,Benign
4022168,9,13,Benign
1908523,10,6,Benign
2363,1,1,Benign
4276589,5,3,Benign
4307474,3,0,Benign
929516,8,8,Benign
57763,2,2,Benign
2310684,8,7,Benign
9015261,6,0,Benign
32042,4,4,Benign
4179956,5,3,Benign
7605364,13,9,Benign
988364,3,4,DDoS-LOIC-HTTP
33754466,2,0,DDoS-LOIC-HTTP
53749310,2,0,Benign
4121505,12,7,Benign
167211,0,3,Benign
133422,5,5,Benign
12949199,18,21,Benign
275,3,0,Benign
5959732,5,4,Benign
4547300,5,3,Benign
1408611,3,4,DDoS-LOIC-HTTP
304,2,1,Benign
86205281,2,0,Benign
122177,15,10,Benign
54336798,2,0,Benign
248,2,2,Benign
86297903,2,0,Benign
31038,2,2,Benign
10244778,4,3,Benign
111975360,31,46,Benign
4292726,5,3,Benign
47741,3,5,DDoS
72,1,2,Benign
1092,1,1,Benign
6463332,12,13,Benign
51889,1,1,Benign
578555,256,455,Benign
10265596,7,11,Benign
117586278,30,42,Benign
250325,2,0,Benign
5214640,6,6,Benign
1718,3,4,Benign
1716,3,4,DDoS-HOIC
15332,5,2,Benign
115337414,32,34,Benign
2861,1,1,Benign
4510830,3,4,Benign
1340171,2,5,Benign
47930,2,2,Benign
1119050,3,4,DDoS-LOIC-HTTP
1229,5,2,Benign
494917,6,4,Benign
1405638,7,5,Benign
178728,2,2,Benign
189,2,2,Benign
26183,2,2,Benign
36770,1,1,Benign
121240,3,1,Benign
86470345,11,6,DoS-Hulk
248,2,2,Benign
31445,2,2,Benign
64451140,5,5,DoS-Hulk
6075989,4,4,Benign
86137131,2,0,Benign
11846,3,4,Botnet
1686192,8,7,Benign
17908326,2,0,DDoS-LOIC-HTTP
50040,2,2,Benign
4212788,5,3,Benign
39197403,2,0,DDoS-LOIC-HTTP
32392,1,1,Benign
134202,2,2,Benign
17298,5,2,Benign
74,2,0,Benign
112636170,3,0,Benign
45766624,2,0,Benign
3716,2,0,Benign
1026,1,1,Benign
2842181,8,7,Benign
1849149,2,5,Benign
5,1,1,Benign
23326,1,1,Benign
217,12,0,DDoS-NTP
11724648,2,0,DDoS-LOIC-HTTP
56748,2,2,Benign
119630183,12,14,Benign
8007272,2,0,Benign
43017409,6,6,Benign
1451435,3,4,DDoS-LOIC-HTTP
1465,3,4,DDoS-HOIC
1334,1,1,Benign
4055788,5,3,Benign
1403319,8,7,Benign
11583,3,4,Botnet
2253,2,0,Benign
1455113,8,7,Benign
41674995,8,2,DDoS-Syn
2396590,8,7,Benign
100,2,2,DDoS-Syn
1644380,8,7,Benign
2338612,8,8,Benign
17621,1,1,Benign
115961758,21,18,Benign
251313,2,0,Benign
156382,3,1,Benign
27929,2,2,Benign
71342774,12,2,DDoS-Syn
58503207,2,0,DDoS-LOIC-HTTP
60815028,15,14,Benign
567,1,1,Benign
110097505,25,80,Benign
115981850,16,14,Benign
47296479,10,6,DDoS-Syn
11196,1,1,Benign
2305536,8,7,Benign
10786508,5,3,Benign
1298,3,1,Benign
67962,3,0,DoS-Hulk
8749514,1,1,Benign
37,1,1,Benign
673083,7,7,Benign
1667,1,1,Infiltration
16566,2,0,Benign
184,2,0,Benign
622281,0,2,Benign
785170,7,5,Benign
188905,1,1,Benign
47930,3,4,Benign
5541218,2,0,DDoS-LOIC-HTTP
796,3,0,Benign
23879,2,2,Benign
37141,1,1,Benign
880,3,4,Benign
183,3,0,Benign
790,2,1,Benign
59467,4,4,Benign
85424294,8,6,DoS-Hulk
8647119,2,0,DDoS-LOIC-HTTP
65218,2,2,Benign
154082,2,2,Benign
3986042,14,9,Benign
647082,9,6,Benign
4359668,5,3,Benign
9738,5,2,Benign
62922,3,0,DoS-Hulk
1021776,3,4,DDoS-LOIC-HTTP
1310,5,2,Benign
23694,1,1,Benign
97670,2,2,Benign
2379045,8,7,Benign
85900719,2,0,Benign
8831302,6,4,Benign
1157,1,1,Benign
54286798,2,0,Benign
11080,3,4,Botnet
1352,1,1,Benign
311,44,0,DDoS-NTP
43984,1,1,Benign
54323403,2,0,Benign
100065959,6,7,DoS-Hulk
1123,1,1,Benign
2361886,8,7,Benign
473,1,1,Benign
24033,2,2,Benign
11917400,4,4,DoS-Goldeneye
85985694,2,0,Benign
911931,3,4,DDoS-LOIC-HTTP
4468935,5,3,Benign
2390,5,2,Benign
2097488,9,7,Benign
4147793,4,5,DoS-Hulk
85882379,2,0,Benign
252,2,2,Benign
11608926,10,13,Benign
30511121,2,0,DDoS-LOIC-HTTP
36248,4,4,Benign
8959122,2,0,DDoS-LOIC-HTTP
36744418,2,0,DDoS-LOIC-HTTP
3,2,0,Benign
858401,3,4,DDoS-LOIC-HTTP
98795615,7,7,DoS-Hulk
1420,5,2,Benign
1529102,3,0,Benign
61040,2,2,Benign
1055,3,4,Benign
2001368,8,7,Benign
15472,3,0,Benign
1235931,3,4,DDoS-LOIC-HTTP
87135141,35,32,Benign
353702,22,22,Bruteforce-SSH
121453,4,0,Benign
49000,1,1,Benign
8630304,186,325,Benign
5134,3,1,Benign
5572450,4,4,Benign
47690,1,1,Benign
640,3,4,Benign
117091314,55,92,Benign
119724771,14,12,Benign
390871,24,22,Bruteforce-SSH
635614,2,2,Benign
105333828,12,11,Benign
740,3,1,Benign
86248705,2,0,Benign
809,3,4,Benign
460,3,1,Benign
13388,1,1,Benign
92844,2,2,Benign
48609,1,1,Benign
31200,1,1,Benign
6000222,6,0,DDoS-TFTP
97972,7,5,Benign
1063,1,1,Benign
54275322,2,0,Benign
73500839,6,9,Benign
54348340,2,0,Benign
85614131,8,6,DoS-Hulk
108,3,0,Benign
3455759,9,7,Benign
86454836,2,0,Benign
1652,1,1,Benign
4991838,7,7,Benign
24478,2,2,Benign
40181544,2,0,DDoS-LOIC-HTTP
55087024,22,34,Benign
1396555,8,7,Benign
262895,2,2,Benign
117056393,17,16,Benign
20792,2,0,Benign
5709393,4,4,Benign
3075443,10,7,Benign
114245,10,9,Benign
15699,5,2,Benign
394,3,0,Benign
86132759,2,0,Benign
143224,3,1,Benign
302,3,0,Benign
546,3,4,Benign
734,1,1,Benign
341116,7,5,Benign
13793,3,4,DDoS-HOIC
382531,25,20,Bruteforce-SSH
91496,1,1,Benign
33,2,0,Benign
36755,4,5,Benign
1378,5,2,Benign
1299,1,1,Benign
6798509,2,0,DDoS-LOIC-HTTP
1342395,3,4,DDoS-LOIC-HTTP
1016972,6,5,Benign
2291824,9,7,Infiltration
148,2,2,Benign
78196819,8,5,DDoS
886547,6,5,Benign
301,2,2,Benign
2999252,3,0,Benign
88427662,2,0,Benign
8994153,8,0,DDoS-TFTP
118591527,63,96,Benign
31794,2,2,Benign
19378,5,2,Benign
3000111,4,0,DDoS-TFTP
20000,3,4,DDoS-HOIC
1398,1,1,Benign
2719184,4,4,Benign
2631827,8,7,Benign
55358,2,2,Benign
9479711,2,0,DDoS-LOIC-HTTP
26033,2,0,DoS-Hulk
87147,1,1,Benign
473,1,1,Benign
51,2,1,Benign
303,2,1,Benign
190,2,2,Benign
31830,2,2,Benign
88305456,2,0,Benign
12599,1,1,Benign
61051,2,2,Benign
110172927,18,26,Benign
25582297,2,0,DDoS-LOIC-HTTP
452,2,0,Benign
838,3,4,Benign
4449058,5,3,Benign
3487445,10,7,Benign
110966723,28,41,Benign
4340658,5,3,Benign
1933095,8,7,Benign
2004538,7,6,Benign
2054,5,2,Benign
1808057,10,7,Benign
85399432,11,9,Benign
10196925,8,11,Benign
47213,2,2,Benign
1950859,10,7,Benign
115837441,21,19,Benign
49674637,8,2,DDoS-Syn
1250,5,2,Benign
82851754,9,7,DoS-Hulk
20715419,6,8,Benign
1243,1,1,Benign
121,2,0,Benign
18511,5,2,Benign
4326965,5,3,Benign
169857,2,2,Benign
60126,3,0,DoS-Hulk
19995,2,0,Benign
116995039,55,88,Infiltration
2429,3,4,DDoS-HOIC
3890311,13,8,Benign
476,1,1,Benign
3003057,4,0,DDoS-TFTP
117246055,27,83,Benign
235874,2,0,Benign
360,2,2,Benign
31471,1,1,Benign
1073413,2,6,Benign
238,2,2,Benign
1889157,8,7,Benign
116137874,16,14,Benign
60657012,15,15,Benign
11135935,2,10,DDoS-Ddossim
10920,2,0,Benign
6193894,8,9,Benign
4392545,5,3,Benign
1381445,3,4,DDoS-LOIC-HTTP
112635416,3,0,Benign
23096601,2,0,DoS-Goldeneye
148,1,1,Benign
82715,3,0,DoS-Hulk
12561246,4,0,DDoS-Syn
13989,5,2,Benign
86031907,2,0,Benign
20671,2,2,Benign
135,2,2,Benign
28426,2,2,Benign
3228845,14,9,Benign
5270336,5,3,Benign
1278,5,2,Benign
77178,2,2,Benign
10705,3,4,Botnet
163315,9,7,Benign
30930,2,2,Benign
837,3,0,Benign
224974,3,1,Benign
2043332,9,8,Benign
60776797,16,14,Benign
112637372,3,0,Benign
85999508,2,0,Benign
3745115,15,8,Benign
119,3,1,Infiltration
1632657,8,7,Benign
31655312,2,0,DDoS-LOIC-HTTP
2848907,4,0,DDoS
16501,1,1,Benign
5589,2,1,Benign
4472469,5,3,Benign
1659,2,0,Benign
200877,64,100,Benign
114751,2,0,Benign
11184,3,4,Botnet
11239,1,1,Benign
1522,2,0,Benign
16016,5,2,Benign
108275,4,0,DDoS-UDP
86218517,2,0,Benign
783,1,1,Benign
116030038,60,71,Benign
1264,3,4,DDoS-HOIC
71852,20,19,Benign
63145630,7,0,DoS-Slowhttptest
1444475,3,4,DDoS-LOIC-HTTP
24027,1,1,Benign
63598,10,5,Benign
853908,7,5,Benign
3212386,15,9,Benign
85946627,2,0,Benign
2247653,2,2,Benign
1816,1,1,Benign
115388524,241,390,Benign
54069111,2,0,Benign
73419,2,2,Benign
82572,1,1,Benign
16170,2,2,Benign
9935784,5,0,DDoS
5619486,3,1,Benign
241,1,2,Benign
3977426,14,8,Benign
11981,3,4,DDoS-HOIC
40581,3,6,DoS-Hulk
4827936,1,1,Benign
29454,2,2,Benign
116739912,21,42,Benign
1257,1,1,Benign
2190250,8,7,Benign
39378,2,0,Benign
8850840,2,0,DDoS-LOIC-HTTP
1,2,0,DDoS-NetBIOS
302,2,2,Benign
328,1,1,Benign
253,2,0,Benign
8553,5,2,Benign
22140,1,1,Benign
1231,1,1,Benign
1490,1,1,Benign
167118,1,1,Benign
2127518,8,7,Benign
828,1,1,Benign
380,2,1,Benign
116991163,22,31,Benign
4319199,5,3,Benign
41189,2,2,Benign
171780,3,1,Benign
59309,2,2,Benign
3000771,4,0,DDoS-TFTP
7729852,2,0,DDoS-LOIC-HTTP
119521794,8,6,Benign
81199144,9,0,Benign
25046273,5,3,Benign
1513,4,0,DDoS-NTP
5139872,4,4,DoS-Goldeneye
115665230,25,21,Benign
4724237,5,4,Benign
1176,5,2,Benign
3023618,1,5,Benign
30824,1,1,Benign
161367,10,4,Benign
10093178,7,8,Benign
17544,1,1,Benign
253248,2,5,Benign
4200596,5,3,Benign
34,1,1,Benign
60820,2,2,Benign
34341788,2,0,DDoS-LOIC-HTTP
112637584,3,0,Benign
247636,3,1,Benign
54417865,2,0,Benign
1125,1,1,Benign
5365958,13,6,Benign
19961,5,2,Benign
2025489,8,7,Benign
166653,2,2,Benign
5215126,4,4,Benign
54339495,2,0,Benign
850,3,4,Benign
3913637,14,8,Benign
787,3,4,Benign
84687583,7,4,DoS-Hulk
60628187,12,11,Benign
1906649,7,5,Benign
547,3,4,Benign
4285350,5,5,Benign
85834681,2,0,Benign
4053384,13,8,Benign
284,3,0,Benign
1554,1,1,Benign
6046505,10,6,Benign
798,3,0,Benign
1276,1,1,Benign
98,1,2,Benign
54043990,5,1,Benign
115155414,21,21,Benign
926,1,1,Benign
42983640,2,0,DDoS-LOIC-HTTP
23578,0,2,Benign
89,3,1,Benign
3998788,15,8,Benign
257631,2,2,Benign
28198,1,1,Benign
54003364,2,0,Benign
413022,22,21,Bruteforce-SSH
1859656,3,4,DDoS-LOIC-HTTP
261,2,2,Benign
30830,2,2,Benign
27,2,1,Benign
30,2,0,Benign
2278957,14,12,Benign
54547657,2,0,Benign
109916,0,3,Benign
1236,3,0,Benign
37,1,2,Benign
5137176,5,1,Benign
4961056,5,3,Benign
99701694,7,6,DoS-Hulk
46984,2,2,Benign
104323,4,4,Benign
1289,1,1,Benign
6000046,6,0,DDoS-TFTP
19508,2,1,Benign
1247,1,1,Benign
6397,3,1,Benign
112640483,3,0,Benign
87526677,7,9,Benign
99999336,2,2,DoS-Slowloris
167732,2,2,Benign
4377155,5,4,Benign
61442,2,2,Benign
35458948,507,0,Benign
3601917,11,7,Benign
5498450,5,3,Benign
85989877,2,0,Benign
16016219,8,10,Benign
30508,1,1,Benign
8094,5,2,Benign
4291557,5,3,Benign
117149531,15,13,Benign
1668676,8,7,Benign
9214,5,2,Benign
38567,2,2,Benign
1858929,9,7,Benign
151083,0,2,Benign
61020,2,2,Benign
11036738,7,6,Benign
2773,5,2,Benign
115950713,16,14,Benign
4458670,5,3,Benign
30235646,5,8,Benign
24,1,1,Benign
86473366,2,0,Benign
99542765,8,6,DoS-Hulk
5329148,2,1,Benign
15393177,2,0,DDoS-LOIC-HTTP
5976947,3,1,Benign
63142,2,2,Benign
651545,6,5,Benign
331547,13,20,Benign
1867,1,1,Benign
23230,1,1,Benign
10294359,9,7,Benign
18849,5,2,Benign
193507,20,30,Benign
97944763,3,3,Benign
147686,3,1,Benign
834,1,1,Benign
245709,3,4,Benign
119894064,117,115,Benign
2125864,9,9,Benign
2284906,8,7,Benign
6653,71,0,DDoS-NTP
4285997,4,5,Benign
1542343,3,4,DDoS-LOIC-HTTP
99957848,6,6,DoS-Hulk
3000574,4,0,DDoS-TFTP
115220591,16,14,Benign
1318813,3,4,DDoS-LOIC-HTTP
112635786,3,0,Benign
60098052,8,6,Benign
4438871,5,3,Benign
433127,7,5,Benign
11195,1,1,Benign
1256,2,0,Benign
37241,1,1,Benign
118577370,27,22,Benign
35106,2,2,Benign
23433,1,1,Benign
275206,2,0,Benign
63952,2,2,Benign
63,1,1,Benign
86296349,2,0,Benign
4189508,5,3,Benign
4251727,10,7,Benign
378213,22,22,Bruteforce-SSH
739,3,4,Benign
1011576,7,5,Benign
37635446,2,0,DDoS-LOIC-HTTP
3236333,8,7,Benign
1470502,9,7,Benign
320,2,2,Benign
321154,8,6,Benign
1307477,3,4,DDoS-LOIC-HTTP
15437376,6,8,Benign
46,2,1,Benign
3000405,4,0,DDoS-TFTP
13499,1,1,Benign
115550215,21,19,Benign
88207487,2,0,Benign
17620,1,1,Benign
2763,1,1,Benign
4080374,5,3,Benign
680,3,4,Benign
177,1,1,Benign
223,2,1,Benign
1142,5,2,Benign
50113,3,1,Benign
250,14,0,DDoS-NTP
4215713,5,3,Benign
8574234,2,0,DDoS-LOIC-HTTP
984,3,0,Benign
124573,9,7,Benign
117326397,19,15,Benign
50745898,2,0,Benign
5408049,5,3,Benign
3000550,4,0,DDoS-TFTP
34085,4,5,Benign
4360004,5,4,Benign
4796333,4,4,Benign
24302,1,1,Benign
86817067,2,0,DDoS-LOIC-HTTP
5803,3,4,DDoS-HOIC
82884,8,8,Benign
91665,6,7,Benign
2578056,8,7,Benign
24824,2,0,DoS-Hulk
1661,1,1,Benign
146483,3,6,DoS-Hulk
6132862,4,0,DDoS
63777334,7,2,Benign
112638583,3,0,Benign
63093909,6,1,DoS-Slowread
116751788,47,49,Benign
754,3,4,Benign
86034428,2,0,Benign
88024390,2,0,Benign
115586434,16,14,Benign
48046,2,2,Benign
115091032,16,15,Benign
269,1,1,Benign
27144230,2,0,DDoS-LOIC-HTTP
834636,19,21,Benign
209,2,2,Benign
1007155,3,4,DDoS-LOIC-HTTP
49,1,1,Benign
3935963,14,8,Benign
977,1,1,Benign
118254947,48,42,Benign
24874,2,0,DDoS-HOIC
2479272,10,6,Benign
17287,2,0,DDoS-HOIC
983556,3,4,DDoS-LOIC-HTTP
12261,1,1,Benign
5,3,0,Benign
16188407,10,7,Benign
69,2,0,Benign
12144,1,1,Benign
22693,2,0,DoS-Hulk
684,3,0,Benign
164918,2,2,Benign
14232165,2,0,DDoS-LOIC-HTTP
153,2,2,Benign
171326,28,33,Benign
11026,1,1,Benign
1257,1,1,Benign
7538,2,1,Benign
112634854,3,0,Infiltration
62163708,27,288,Benign
13092,1,1,Benign
96121209,8,6,DDoS
9023100,3,0,Benign
29477290,2,0,DDoS-LOIC-HTTP
5322767,3,1,Benign
1101373,3,4,DDoS-LOIC-HTTP
11201248,6,4,DoS-Goldeneye
115759619,22,18,Benign
54188524,2,0,Benign
25482,1,1,Benign
1687,1,1,Benign
16927,1,1,Benign
5288980,9,9,Benign
65,3,1,Benign
49,2,0,DDoS-UDP
224907,5,3,DoS-Goldeneye
119111733,110,108,Benign
178,2,2,Benign
1888517,9,7,Benign
9769161,86,167,Benign
196,2,0,Benign
83699114,9,4,DoS-Hulk
1114022,2,1,Benign
660780,2,0,DDoS-LOIC-HTTP
5279710,2,2,Benign
299,1,1,Benign
1179,3,0,Benign
1512719,3,0,Benign
1032926,3,4,DDoS-LOIC-HTTP
30663,1,1,Benign
237,2,2,Benign
144984,8,6,Benign
1346,3,0,Benign
54666728,2,0,Benign
6117116,12,6,Benign
238,2,2,Benign
369,3,0,Benign
195,2,2,Benign
4064595,14,9,Benign
84,1,2,Benign
4562827,5,3,Benign
23531,3,0,Benign
2731812,10,10,Benign
6401773,5,4,Benign
5605640,8,0,Benign
2167478,2,0,DDoS-LOIC-HTTP
838,3,4,Benign
9014726,2,2,Benign
115760280,16,14,Infiltration
1843433,9,8,Benign
48288,2,2,Benign
3278802,9,14,Benign
63106739,14,16,Benign
35957,2,2,Benign
4965688,5,5,Benign
32683,3,6,DoS-Hulk
1356405,3,3,Benign
16022,5,2,Benign
1547972,2,0,DDoS-LOIC-HTTP
1185131,3,4,DDoS-LOIC-HTTP
15869201,2,0,DDoS-LOIC-HTTP
67,3,1,Benign
3607453,2,0,DDoS-LOIC-HTTP
24686,1,1,Benign
1527582,3,4,DDoS-LOIC-HTTP
4262473,5,3,Benign
5251876,4,4,Benign
86192458,2,0,Benign
98437009,8,5,DoS-Hulk
3936118,11,13,Benign
5077241,7,3,Benign
503575,9,6,Benign
529891,2,2,Benign
3910670,5,3,Benign
507914,7,5,Benign
141,2,2,Benign
1294383,3,4,DDoS-LOIC-HTTP
3934446,13,8,Benign
158,2,1,Benign
567,1,1,Benign
531,3,0,Benign
69340,2,2,Benign
38131,3,4,DoS-Hulk
10443,3,4,Botnet
99193846,1,1,Benign
236,2,0,Benign
115918021,22,19,Benign
6079991,4,4,Benign
53208979,5,1,Benign
11985,3,1,Benign
98696776,7,6,DoS-Hulk
6905851,5,0,DDoS
6575558,1,5,Benign
6327615,4,4,Benign
14025114,10,18,Benign
47898,2,2,Benign
212,2,2,Benign
45822,2,2,Benign
11,1,1,Benign
75362,1,1,Benign
110202580,24,0,Benign
86121737,2,0,Benign
4273238,5,3,Benign
1373,5,2,Benign
5824579,8,6,Benign
793,3,4,Benign
4106566,14,8,Benign
5942053,8,6,Benign
17604,1,1,Benign
62507507,17,17,Benign
59103001,10,0,DDoS-Syn
12953,1,1,Benign
99958965,5,13,Benign
236,3,0,Benign
197227,2,0,Benign
741401,3,5,DDoS
1728603,0,4,Benign
2053808,10,7,Benign
134,2,2,Benign
59274,2,0,DoS-Hulk
86122418,2,0,Benign
3384177,8,8,Benign
42025,2,2,Benign
5375644,5,4,Benign
66982203,2,2,Benign
4763761,5,4,Benign
1672301,8,7,Benign
7810,2,0,Benign
1352274,3,7,DDoS
44461,2,2,Benign
23921,2,2,Benign
213,2,2,Benign
57202473,15,11,Benign
207,2,1,Benign
60811222,18,17,Benign
465,1,4,Benign
20659,2,2,Benign
11744,3,4,Botnet
119002058,26,27,Benign
1174,3,4,DDoS-HOIC
118273665,17,19,Benign
50773,3,0,DoS-Hulk
4231505,11,10,Benign
1266,1,1,Benign
2999661,4,0,DDoS-TFTP
2998167,4,0,DDoS-TFTP
1507,5,2,Benign
11186,3,4,Botnet
5314521,13,8,Benign
206287,1,1,Benign
288000,3,1,Benign
210711,2,5,Benign
30744,1,1,Benign
9449,3,4,Botnet
48296,5,2,Benign
28391,2,2,Benign
67602,5,8,Benign
3936938,14,9,Benign
29590321,2,0,DDoS-LOIC-HTTP
1398114,3,4,DDoS-LOIC-HTTP
30492,1,1,Benign
1558,48,0,DDoS-NTP
115195231,17,15,Benign
116642727,13,11,Benign
34622,3,7,DoS-Hulk
10546,3,4,Botnet
964,1,1,Benign
54214506,2,0,Benign
60862444,13,15,Benign
4089866,2,0,Benign
19,1,1,Benign
241,2,2,Benign
27936,2,2,Benign
14976,3,4,DDoS-HOIC
110053153,27,72,Benign
12943,1,1,Benign
1,2,0,DDoS-MSSQL
48,1,1,Benign
114432215,8,5,Infiltration
30393,2,0,DDoS-LOIC-HTTP
5032672,3,1,Benign
75435072,17,17,Benign
38935,1,1,Benign
2842,40,0,DDoS-NTP
1290,5,2,Benign
5437177,2,1,Benign
36604,1,1,Benign
44,2,1,Benign
117301915,14,14,Benign
43,3,0,Benign
10960,2,0,DoS-Hulk
168,2,2,Benign
36199531,66,110,Benign
327,2,2,Benign
88303004,2,0,Benign
5819,200,0,DDoS-NTP
116065074,20,24,Benign
58142,2,2,Benign
115761751,21,23,Benign
8629,5,2,Benign
14366668,16,17,Benign
105952,2,0,Benign
1371,5,2,Benign
746,3,4,Benign
1381,5,2,Benign
37629,3,4,DoS-Hulk
17578,2,2,Benign
24592866,2,0,DDoS-LOIC-HTTP
9000174,8,0,DDoS-TFTP
20,2,0,Benign
218566,3,4,DDoS-LOIC-HTTP
6337294,4,4,Benign
117031542,28,56,Benign
5704215,4,4,Benign
3001771,4,0,DDoS-TFTP
1724654,8,7,Benign
2187256,8,7,Benign
1047000,6,5,Benign
30752,2,2,Benign
48,3,1,Benign
13730871,2,0,Benign
682755,6,2,Benign
11146,3,4,Botnet
36235,0,2,Benign
83243243,15,23,Benign
1751,5,2,Benign
830,3,4,Benign
119883968,17,16,Benign
2276831,9,7,Benign
39056,2,2,Benign
1049341,9,6,Benign
1553944,7,5,Benign
31658,2,2,Benign
20411,2,0,Benign
29661,1,1,Benign
1567039,10,7,Benign
5330986,5,3,Benign
1619,1,1,Benign
24639,2,1,Benign
10257,3,4,Botnet
143685,2,2,Benign
4685768,14,8,Benign
65467777,28,20,Benign
135030,2,0,Benign
206,2,2,Benign
115834158,31,28,Benign
23989,1,1,Benign
151,2,2,Benign
16644275,2,0,Benign
4224959,5,3,Benign
81403,2,2,Benign
6,2,0,DDoS-DNS
22102,1,1,Benign
21751,2,0,Benign
7887024,1,6,Benign
54646952,2,0,Benign
1705766,4,0,DDoS-TFTP
115852690,16,14,Benign
90216297,2,2,Benign
136316,10,5,Benign
1,2,0,DDoS-MSSQL
4063257,13,8,Benign
23285387,33,45,Benign
350702,6,10,Benign
13289,1,1,Benign
1465839,3,4,DDoS-LOIC-HTTP
48234,3,0,DoS-Hulk
54533149,2,0,Benign
71283,1,1,Benign
109970,2,1,Benign
2111373,11,7,Benign
112028755,2,1,Benign
1362900,7,5,Benign
12535,3,4,Botnet
260,2,0,Benign
4419,6,0,DoS-Hulk
115063060,16,14,Benign
5068515,4,4,DoS-Goldeneye
60219254,14,9,Benign
260011,3,1,Benign
5421980,3,1,Benign
3004298,2,0,Benign
48544,4,2,Benign
10864,1,1,Benign
12753,1,1,Benign
186,2,2,Benign
6540396,10,7,Benign
56151,1,1,Benign
1423,5,2,Benign
1059618,6,5,Benign
3005958,4,0,DDoS-TFTP
8629203,8,10,Benign
2619896,8,7,Benign
24499919,2,0,DDoS-LOIC-HTTP
4433065,5,3,Benign
468695,2,5,Benign
31106,2,2,Infiltration
162098,2,2,Benign
756,18,0,DDoS-NTP
5217216,4,4,Benign
48062557,9,9,Benign
1120,5,2,Benign
98683815,19,28,Benign
574,2,0,Benign
232226,2,2,Benign
408827,2,0,Benign
1166,5,2,Benign
88669,2,2,Benign
258,2,2,Benign
5048310,4,4,Benign
199,2,2,Benign
1213139,2,0,DDoS-LOIC-HTTP
3901790,14,8,Benign
115089891,16,14,Benign
31895773,2,0,DDoS-LOIC-HTTP
1148515,3,4,DDoS-LOIC-HTTP
394593,24,20,Bruteforce-SSH
34,1,1,Benign
392638,24,20,Bruteforce-SSH
32882671,2,2,Benign
190514,3,1,Benign
654929,5,0,Benign
173,2,2,Benign
30832,2,2,Benign
86177842,2,0,Benign
3143689,10,7,Benign
62895,2,2,Benign
4899,2,0,DoS-Hulk
33050,1,1,Benign
11699,1,1,Benign
4150122,5,3,Benign
1218218,3,4,DDoS-LOIC-HTTP
112503,2,2,Benign
189065,2,0,Benign
61239150,19,16,Benign
717687,5,0,Benign
1268,1,1,Benign
5671143,8,6,Benign
47,2,0,DDoS-MSSQL
151,2,2,Benign
10749313,0,4,Benign
92468380,13,14,Benign
66236387,18,18,Benign
5963087,4,4,Benign
5076342,4,4,Benign
983370,5,5,Benign
1054248,3,4,DDoS-LOIC-HTTP
10348,3,4,Botnet
1224398,3,4,DDoS-LOIC-HTTP
5187268,5,5,Benign
81,1,1,Benign
35659310,2,0,DDoS-LOIC-HTTP
3983681,4,5,Benign
3761811,10,11,Benign
109052426,4,3,DoS-Slowhttptest
4183877,5,3,Benign
209,2,2,Benign
86343521,2,0,Benign
3,2,0,Benign
19,2,0,Benign
640,1,1,Benign
5548186,3,1,Benign
113462,4,2,Benign
17527,5,2,Benign
23799,2,2,Benign
5977114,3,1,Benign
2284305,8,7,Benign
26455,1,1,Benign
1903850,3,4,DDoS-LOIC-HTTP
41278980,10,4,DDoS-Syn
31788,2,2,Benign
299,2,2,Benign
11573907,2,0,DDoS-LOIC-HTTP
88471,1,1,Benign
17511,5,2,Benign
63984,2,2,Benign
4136122,5,3,Benign
1992051,5,4,Benign
3830694,5,3,Benign
228,2,0,Benign
3137186,5,3,Benign
12949,1,1,Benign
118422844,20,18,Benign
54755098,2,0,Benign
116857668,57,83,Benign
11919,3,4,DDoS-HOIC
1150,5,2,Benign
123,2,0,Benign
4230159,5,3,Benign
3,2,0,Benign
46725,1,1,Benign
5058072,5,2,Benign
17401,1,1,Infiltration
183,2,0,Benign
34043,2,0,Benign
1569664,8,7,Benign
4070129,14,8,Benign
5235298,5,3,Benign
10888,3,4,Botnet
1231778,8,7,Benign
1973316,10,7,Benign
1335,5,2,Benign
7208720,2,0,DoS-Goldeneye
5048796,4,4,Benign
15637,5,2,Benign
76037,2,2,Benign
34782898,2,0,DDoS-LOIC-HTTP
3928351,14,8,Benign
2461,1,1,Benign
967449,3,4,DDoS-LOIC-HTTP
14924,5,2,Benign
119920089,8,0,Benign
